--
-- PostgreSQL database dump
--

-- Dumped from database version 14.1
-- Dumped by pg_dump version 14.1

-- Started on 2021-12-17 18:44:44

SET client_encoding = 'UTF8';
SET client_min_messages = warning;

DROP DATABASE IF EXISTS "musicdb";

CREATE DATABASE "musicdb" WITH ENCODING = 'UTF8';

\c "musicdb"

SET client_encoding = 'UTF8';
SET client_min_messages = warning;

--
-- TOC entry 834 (class 1247 OID 16888)
-- Name: action_type; Type: TYPE; Schema: public; Owner: postgres
--

CREATE TYPE public.action_type AS ENUM (
    'ADD_SONG2LIBRARY',
    'ADD_SONG2PLAYLIST',
    'REMOVE_SONGfromLIBRARY',
    'REMOVE_SONGfromPLAYLIST',
    'CREATE_PLAYLIST',
    'MAKE_PLAYLIST_PUBLIC',
    'MAKE_PLAYLIST_PRIVATE',
    'ADD_PLAYLIST',
    'REMOVE_PLAYLIST',
    'LISTEN'
);


ALTER TYPE public.action_type OWNER TO postgres;

--
-- TOC entry 837 (class 1247 OID 16910)
-- Name: album_type; Type: TYPE; Schema: public; Owner: postgres
--

CREATE TYPE public.album_type AS ENUM (
    'ALBUM',
    'EP',
    'SINGLE'
);


ALTER TYPE public.album_type OWNER TO postgres;

SET default_tablespace = '';

SET default_table_access_method = heap;

--
-- TOC entry 209 (class 1259 OID 16917)
-- Name: actions; Type: TABLE; Schema: public; Owner: postgres
--

CREATE TABLE public.actions (
    action_id bigint NOT NULL,
    date timestamp without time zone NOT NULL,
    user_id bigint NOT NULL,
    type public.action_type NOT NULL,
    song_id integer,
    playlist_id bigint,
    CONSTRAINT action_date_chek CHECK ((date >= '2021-10-05 00:00:00'::timestamp without time zone))
);


ALTER TABLE public.actions OWNER TO postgres;

--
-- TOC entry 210 (class 1259 OID 16921)
-- Name: actions_action_id_seq; Type: SEQUENCE; Schema: public; Owner: postgres
--

CREATE SEQUENCE public.actions_action_id_seq
    START WITH 1
    INCREMENT BY 1
    NO MINVALUE
    NO MAXVALUE
    CACHE 1;


ALTER TABLE public.actions_action_id_seq OWNER TO postgres;

--
-- TOC entry 3416 (class 0 OID 0)
-- Dependencies: 210
-- Name: actions_action_id_seq; Type: SEQUENCE OWNED BY; Schema: public; Owner: postgres
--

ALTER SEQUENCE public.actions_action_id_seq OWNED BY public.actions.action_id;


--
-- TOC entry 211 (class 1259 OID 16922)
-- Name: albums; Type: TABLE; Schema: public; Owner: postgres
--

CREATE TABLE public.albums (
    album_id integer NOT NULL,
    name text NOT NULL,
    artist_id integer NOT NULL,
    type public.album_type NOT NULL,
    year smallint NOT NULL,
    date timestamp without time zone NOT NULL,
    CONSTRAINT album_date_chek CHECK ((date >= '2021-10-05 00:00:00'::timestamp without time zone))
);


ALTER TABLE public.albums OWNER TO postgres;

--
-- TOC entry 212 (class 1259 OID 16928)
-- Name: albums_album_id_seq; Type: SEQUENCE; Schema: public; Owner: postgres
--

CREATE SEQUENCE public.albums_album_id_seq
    AS integer
    START WITH 1
    INCREMENT BY 1
    NO MINVALUE
    NO MAXVALUE
    CACHE 1;


ALTER TABLE public.albums_album_id_seq OWNER TO postgres;

--
-- TOC entry 3417 (class 0 OID 0)
-- Dependencies: 212
-- Name: albums_album_id_seq; Type: SEQUENCE OWNED BY; Schema: public; Owner: postgres
--

ALTER SEQUENCE public.albums_album_id_seq OWNED BY public.albums.album_id;


--
-- TOC entry 213 (class 1259 OID 16929)
-- Name: albums_songs; Type: TABLE; Schema: public; Owner: postgres
--

CREATE TABLE public.albums_songs (
    album_id integer NOT NULL,
    song_id integer NOT NULL,
    track_number smallint NOT NULL,
    CONSTRAINT track_number_check CHECK ((track_number > 0))
);


ALTER TABLE public.albums_songs OWNER TO postgres;

--
-- TOC entry 221 (class 1259 OID 17047)
-- Name: artists; Type: TABLE; Schema: public; Owner: postgres
--

CREATE TABLE public.artists (
    artist_id integer NOT NULL,
    name text NOT NULL,
    description text
);


ALTER TABLE public.artists OWNER TO postgres;

--
-- TOC entry 220 (class 1259 OID 17046)
-- Name: artists_artist_id_seq; Type: SEQUENCE; Schema: public; Owner: postgres
--

CREATE SEQUENCE public.artists_artist_id_seq
    AS integer
    START WITH 1
    INCREMENT BY 1
    NO MINVALUE
    NO MAXVALUE
    CACHE 1;


ALTER TABLE public.artists_artist_id_seq OWNER TO postgres;

--
-- TOC entry 3418 (class 0 OID 0)
-- Dependencies: 220
-- Name: artists_artist_id_seq; Type: SEQUENCE OWNED BY; Schema: public; Owner: postgres
--

ALTER SEQUENCE public.artists_artist_id_seq OWNED BY public.artists.artist_id;


--
-- TOC entry 214 (class 1259 OID 16939)
-- Name: playlists; Type: TABLE; Schema: public; Owner: postgres
--

CREATE TABLE public.playlists (
    playlist_id bigint NOT NULL,
    name text NOT NULL,
    description text,
    CONSTRAINT playlist_description_check CHECK ((description ~* '^[a-zA-Z0-9._:[:space:]-]+$'::text)),
    CONSTRAINT playlist_name_check CHECK (((name ~* '^[a-zA-Z0-9._:[:space:]-]+$'::text) AND (length(name) > 0)))
);


ALTER TABLE public.playlists OWNER TO postgres;

--
-- TOC entry 215 (class 1259 OID 16946)
-- Name: playlists_playlist_id_seq; Type: SEQUENCE; Schema: public; Owner: postgres
--

CREATE SEQUENCE public.playlists_playlist_id_seq
    START WITH 1
    INCREMENT BY 1
    NO MINVALUE
    NO MAXVALUE
    CACHE 1;


ALTER TABLE public.playlists_playlist_id_seq OWNER TO postgres;

--
-- TOC entry 3419 (class 0 OID 0)
-- Dependencies: 215
-- Name: playlists_playlist_id_seq; Type: SEQUENCE OWNED BY; Schema: public; Owner: postgres
--

ALTER SEQUENCE public.playlists_playlist_id_seq OWNED BY public.playlists.playlist_id;


--
-- TOC entry 216 (class 1259 OID 16947)
-- Name: songs; Type: TABLE; Schema: public; Owner: postgres
--

CREATE TABLE public.songs (
    song_id integer NOT NULL,
    title text NOT NULL,
    explicit boolean NOT NULL,
    duration smallint NOT NULL,
    CONSTRAINT duration_check CHECK ((duration > 0))
);


ALTER TABLE public.songs OWNER TO postgres;

--
-- TOC entry 217 (class 1259 OID 16953)
-- Name: songs_song_id_seq; Type: SEQUENCE; Schema: public; Owner: postgres
--

CREATE SEQUENCE public.songs_song_id_seq
    AS integer
    START WITH 1
    INCREMENT BY 1
    NO MINVALUE
    NO MAXVALUE
    CACHE 1;


ALTER TABLE public.songs_song_id_seq OWNER TO postgres;

--
-- TOC entry 3420 (class 0 OID 0)
-- Dependencies: 217
-- Name: songs_song_id_seq; Type: SEQUENCE OWNED BY; Schema: public; Owner: postgres
--

ALTER SEQUENCE public.songs_song_id_seq OWNED BY public.songs.song_id;


--
-- TOC entry 218 (class 1259 OID 16954)
-- Name: users; Type: TABLE; Schema: public; Owner: postgres
--

CREATE TABLE public.users (
    user_id bigint NOT NULL,
    nickname text NOT NULL,
    password text NOT NULL,
    email text NOT NULL,
    country character(2) NOT NULL,
    date timestamp without time zone NOT NULL,
    CONSTRAINT country_check CHECK (((country)::text ~* '^[a-zA-Z]+$'::text)),
    CONSTRAINT email_check CHECK ((email ~* '^[a-zA-Z0-9._-]+@[A-Za-z0-9.-]+[.][a-zA-Z]+$'::text)),
    CONSTRAINT nickname_check CHECK (((nickname ~* '^[a-zA-Z0-9._-]+$'::text) AND (length(nickname) >= 5))),
    CONSTRAINT password_check CHECK (((password ~* '^[a-zA-Z0-9._[:space:]-]+$'::text) AND (length(password) >= 5))),
    CONSTRAINT user_registration_date_chek CHECK ((date >= '2021-10-05 00:00:00'::timestamp without time zone))
);


ALTER TABLE public.users OWNER TO postgres;

--
-- TOC entry 219 (class 1259 OID 16964)
-- Name: users_user_id_seq; Type: SEQUENCE; Schema: public; Owner: postgres
--

CREATE SEQUENCE public.users_user_id_seq
    START WITH 1
    INCREMENT BY 1
    NO MINVALUE
    NO MAXVALUE
    CACHE 1;


ALTER TABLE public.users_user_id_seq OWNER TO postgres;

--
-- TOC entry 3421 (class 0 OID 0)
-- Dependencies: 219
-- Name: users_user_id_seq; Type: SEQUENCE OWNED BY; Schema: public; Owner: postgres
--

ALTER SEQUENCE public.users_user_id_seq OWNED BY public.users.user_id;


--
-- TOC entry 3199 (class 2604 OID 17033)
-- Name: actions action_id; Type: DEFAULT; Schema: public; Owner: postgres
--

ALTER TABLE ONLY public.actions ALTER COLUMN action_id SET DEFAULT nextval('public.actions_action_id_seq'::regclass);


--
-- TOC entry 3201 (class 2604 OID 17034)
-- Name: albums album_id; Type: DEFAULT; Schema: public; Owner: postgres
--

ALTER TABLE ONLY public.albums ALTER COLUMN album_id SET DEFAULT nextval('public.albums_album_id_seq'::regclass);


--
-- TOC entry 3215 (class 2604 OID 17050)
-- Name: artists artist_id; Type: DEFAULT; Schema: public; Owner: postgres
--

ALTER TABLE ONLY public.artists ALTER COLUMN artist_id SET DEFAULT nextval('public.artists_artist_id_seq'::regclass);


--
-- TOC entry 3204 (class 2604 OID 17036)
-- Name: playlists playlist_id; Type: DEFAULT; Schema: public; Owner: postgres
--

ALTER TABLE ONLY public.playlists ALTER COLUMN playlist_id SET DEFAULT nextval('public.playlists_playlist_id_seq'::regclass);


--
-- TOC entry 3207 (class 2604 OID 17037)
-- Name: songs song_id; Type: DEFAULT; Schema: public; Owner: postgres
--

ALTER TABLE ONLY public.songs ALTER COLUMN song_id SET DEFAULT nextval('public.songs_song_id_seq'::regclass);


--
-- TOC entry 3209 (class 2604 OID 17038)
-- Name: users user_id; Type: DEFAULT; Schema: public; Owner: postgres
--

ALTER TABLE ONLY public.users ALTER COLUMN user_id SET DEFAULT nextval('public.users_user_id_seq'::regclass);


--
-- TOC entry 3398 (class 0 OID 16917)
-- Dependencies: 209
-- Data for Name: actions; Type: TABLE DATA; Schema: public; Owner: postgres
--

COPY public.actions (action_id, date, user_id, type, song_id, playlist_id) FROM stdin;
10	2021-12-03 08:05:00	7	ADD_SONG2PLAYLIST	5	1
11	2021-12-03 08:06:00	7	ADD_SONG2PLAYLIST	6	1
12	2021-12-03 08:06:30	7	MAKE_PLAYLIST_PUBLIC	\N	1
13	2021-12-03 09:06:30	4	CREATE_PLAYLIST	\N	2
14	2021-12-03 09:06:30	7	MAKE_PLAYLIST_PUBLIC	\N	2
15	2021-12-03 09:07:00	7	ADD_SONG2PLAYLIST	7	2
16	2021-12-03 10:00:00	3	CREATE_PLAYLIST	\N	4
17	2021-12-03 11:07:00	3	ADD_SONG2PLAYLIST	4	4
18	2021-12-03 11:10:00	2	CREATE_PLAYLIST	\N	5
19	2021-12-03 11:11:00	2	ADD_SONG2PLAYLIST	8	5
20	2021-12-03 11:11:30	2	ADD_SONG2PLAYLIST	9	5
21	2021-12-03 11:20:00	9	CREATE_PLAYLIST	\N	7
22	2021-12-03 11:22:30	9	ADD_SONG2PLAYLIST	12	7
23	2021-12-03 11:23:30	9	ADD_SONG2PLAYLIST	13	7
24	2021-12-03 11:25:30	9	ADD_SONG2PLAYLIST	14	7
25	2021-12-03 11:27:30	9	ADD_SONG2PLAYLIST	15	7
26	2021-12-03 11:27:50	9	ADD_SONG2PLAYLIST	16	7
27	2021-12-03 11:28:00	9	CREATE_PLAYLIST	\N	8
28	2021-12-03 11:30:00	9	CREATE_PLAYLIST	\N	9
1	2021-12-03 07:01:30	5	CREATE_PLAYLIST	\N	3
32	2021-12-05 00:00:00	1	LISTEN	159	\N
33	2021-12-05 00:01:00	1	LISTEN	59	\N
34	2021-12-05 00:02:00	1	LISTEN	361	\N
35	2021-12-05 00:03:00	1	LISTEN	179	\N
36	2021-12-05 00:04:00	1	LISTEN	89	\N
37	2021-12-05 00:05:00	1	ADD_SONG2LIBRARY	89	\N
38	2021-12-05 00:06:00	1	LISTEN	47	\N
39	2021-12-05 00:07:00	1	ADD_SONG2LIBRARY	47	\N
40	2021-12-05 00:08:00	1	LISTEN	230	\N
41	2021-12-05 00:09:00	1	LISTEN	263	\N
42	2021-12-05 00:10:00	1	ADD_SONG2LIBRARY	263	\N
43	2021-12-05 00:11:00	1	LISTEN	125	\N
44	2021-12-05 00:12:00	1	LISTEN	329	\N
45	2021-12-05 00:13:00	1	ADD_SONG2LIBRARY	329	\N
46	2021-12-05 00:14:00	2	LISTEN	357	\N
47	2021-12-05 00:15:00	2	ADD_SONG2LIBRARY	357	\N
48	2021-12-05 00:16:00	2	LISTEN	23	\N
49	2021-12-05 00:17:00	2	ADD_SONG2LIBRARY	23	\N
50	2021-12-05 00:18:00	2	LISTEN	222	\N
51	2021-12-05 00:19:00	2	ADD_SONG2LIBRARY	222	\N
52	2021-12-05 00:20:00	2	LISTEN	41	\N
53	2021-12-05 00:21:00	2	ADD_SONG2LIBRARY	41	\N
54	2021-12-05 00:22:00	2	LISTEN	13	\N
55	2021-12-05 00:23:00	2	ADD_SONG2LIBRARY	13	\N
56	2021-12-05 00:24:00	2	LISTEN	310	\N
57	2021-12-05 00:25:00	2	LISTEN	371	\N
58	2021-12-05 00:26:00	2	LISTEN	71	\N
59	2021-12-05 00:27:00	2	LISTEN	43	\N
2	2021-12-03 07:01:30	5	MAKE_PLAYLIST_PUBLIC	\N	3
3	2021-12-03 07:01:30	5	CREATE_PLAYLIST	\N	6
4	2021-12-03 07:02:30	5	ADD_SONG2PLAYLIST	10	6
5	2021-12-03 07:02:40	5	ADD_SONG2PLAYLIST	11	6
6	2021-12-03 07:03:40	5	ADD_SONG2PLAYLIST	1	3
7	2021-12-03 07:04:40	5	ADD_SONG2PLAYLIST	2	3
8	2021-12-03 07:05:00	5	ADD_SONG2PLAYLIST	3	3
9	2021-12-03 08:00:00	7	CREATE_PLAYLIST	\N	1
60	2021-12-05 00:28:00	2	ADD_SONG2LIBRARY	43	\N
61	2021-11-09 00:00:00	1	LISTEN	4	\N
62	2021-11-09 00:01:00	1	ADD_SONG2LIBRARY	4	\N
63	2021-11-09 00:02:00	1	LISTEN	21	\N
64	2021-11-09 00:03:00	1	ADD_SONG2LIBRARY	21	\N
65	2021-11-09 00:04:00	1	REMOVE_SONGfromLIBRARY	21	\N
66	2021-11-09 00:05:00	1	LISTEN	92	\N
67	2021-11-09 00:06:00	1	ADD_SONG2LIBRARY	92	\N
68	2021-11-09 00:07:00	1	LISTEN	104	\N
69	2021-11-09 00:08:00	1	LISTEN	347	\N
70	2021-11-09 00:09:00	1	LISTEN	355	\N
71	2021-11-09 00:10:00	1	ADD_SONG2LIBRARY	355	\N
72	2021-11-09 00:11:00	1	LISTEN	153	\N
73	2021-11-09 00:12:00	1	LISTEN	196	\N
74	2021-11-09 00:13:00	1	ADD_SONG2LIBRARY	196	\N
75	2021-11-09 00:14:00	1	LISTEN	122	\N
76	2021-11-09 00:15:00	1	ADD_SONG2LIBRARY	122	\N
77	2021-11-09 00:16:00	1	LISTEN	318	\N
78	2021-11-09 00:17:00	1	LISTEN	339	\N
79	2021-11-09 00:18:00	1	LISTEN	133	\N
80	2021-11-09 00:19:00	1	LISTEN	159	\N
81	2021-11-09 00:20:00	1	ADD_SONG2LIBRARY	159	\N
82	2021-11-09 00:21:00	1	LISTEN	183	\N
83	2021-11-09 00:22:00	1	LISTEN	243	\N
84	2021-11-09 00:23:00	1	ADD_SONG2LIBRARY	243	\N
85	2021-11-09 00:24:00	1	REMOVE_SONGfromLIBRARY	243	\N
86	2021-11-09 00:25:00	1	LISTEN	4	\N
87	2021-11-09 00:26:00	1	REMOVE_SONGfromLIBRARY	4	\N
88	2021-11-09 00:27:00	1	LISTEN	232	\N
89	2021-11-09 00:28:00	1	ADD_SONG2LIBRARY	232	\N
90	2021-11-09 00:29:00	1	LISTEN	36	\N
91	2021-11-09 00:30:00	1	ADD_SONG2LIBRARY	36	\N
92	2021-11-09 00:31:00	1	LISTEN	63	\N
93	2021-11-09 00:32:00	1	ADD_SONG2LIBRARY	63	\N
94	2021-11-09 00:33:00	1	LISTEN	133	\N
95	2021-11-09 00:34:00	1	ADD_SONG2LIBRARY	133	\N
96	2021-11-09 00:35:00	1	LISTEN	358	\N
97	2021-11-09 00:36:00	1	ADD_SONG2LIBRARY	358	\N
98	2021-11-09 00:37:00	1	LISTEN	65	\N
99	2021-11-09 00:38:00	1	ADD_SONG2LIBRARY	65	\N
100	2021-11-09 00:39:00	1	LISTEN	8	\N
101	2021-11-09 00:40:00	1	ADD_SONG2LIBRARY	8	\N
102	2021-11-09 00:41:00	1	LISTEN	24	\N
103	2021-11-09 00:42:00	1	ADD_SONG2LIBRARY	24	\N
104	2021-11-09 00:43:00	1	LISTEN	18	\N
105	2021-11-09 00:44:00	1	LISTEN	149	\N
106	2021-11-09 00:45:00	1	ADD_SONG2LIBRARY	149	\N
107	2021-11-09 00:46:00	1	LISTEN	191	\N
108	2021-11-09 00:47:00	1	ADD_SONG2LIBRARY	191	\N
109	2021-11-09 00:48:00	1	LISTEN	373	\N
110	2021-11-09 00:49:00	1	LISTEN	327	\N
111	2021-11-09 00:50:00	1	LISTEN	97	\N
112	2021-11-09 00:51:00	1	ADD_SONG2LIBRARY	97	\N
113	2021-11-09 00:52:00	2	LISTEN	367	\N
114	2021-11-09 00:53:00	2	ADD_SONG2LIBRARY	367	\N
115	2021-11-09 00:54:00	2	REMOVE_SONGfromLIBRARY	367	\N
116	2021-11-09 00:55:00	2	LISTEN	139	\N
117	2021-11-09 00:56:00	2	ADD_SONG2LIBRARY	139	\N
118	2021-11-09 00:57:00	2	REMOVE_SONGfromLIBRARY	139	\N
119	2021-11-09 00:58:00	2	LISTEN	184	\N
120	2021-11-09 00:59:00	2	LISTEN	3	\N
121	2021-11-09 01:00:00	2	ADD_SONG2LIBRARY	3	\N
122	2021-11-09 01:01:00	2	LISTEN	69	\N
123	2021-11-09 01:02:00	2	ADD_SONG2LIBRARY	69	\N
124	2021-11-09 01:03:00	2	LISTEN	185	\N
125	2021-11-09 01:04:00	2	LISTEN	35	\N
126	2021-11-09 01:05:00	2	ADD_SONG2LIBRARY	35	\N
127	2021-11-09 01:06:00	2	REMOVE_SONGfromLIBRARY	35	\N
128	2021-11-09 01:07:00	2	LISTEN	332	\N
129	2021-11-09 01:08:00	2	ADD_SONG2LIBRARY	332	\N
130	2021-11-09 01:09:00	2	LISTEN	199	\N
131	2021-11-09 01:10:00	2	ADD_SONG2LIBRARY	199	\N
132	2021-11-09 01:11:00	2	LISTEN	1	\N
133	2021-11-09 01:12:00	2	LISTEN	19	\N
134	2021-11-09 01:13:00	2	LISTEN	339	\N
135	2021-11-09 01:14:00	2	LISTEN	284	\N
136	2021-11-09 01:15:00	2	ADD_SONG2LIBRARY	284	\N
137	2021-11-09 01:16:00	2	LISTEN	281	\N
138	2021-11-09 01:17:00	2	ADD_SONG2LIBRARY	281	\N
139	2021-11-09 01:18:00	2	REMOVE_SONGfromLIBRARY	281	\N
140	2021-11-09 01:19:00	2	LISTEN	318	\N
141	2021-11-09 01:20:00	2	ADD_SONG2LIBRARY	318	\N
142	2021-11-09 01:21:00	2	LISTEN	336	\N
143	2021-11-09 01:22:00	2	ADD_SONG2LIBRARY	336	\N
144	2021-11-09 01:23:00	2	REMOVE_SONGfromLIBRARY	336	\N
145	2021-11-09 01:24:00	2	LISTEN	181	\N
146	2021-11-09 01:25:00	2	ADD_SONG2LIBRARY	181	\N
147	2021-11-09 01:26:00	2	LISTEN	189	\N
148	2021-11-09 01:27:00	2	ADD_SONG2LIBRARY	189	\N
149	2021-11-09 01:28:00	2	LISTEN	108	\N
150	2021-11-09 01:29:00	2	LISTEN	316	\N
151	2021-11-09 01:30:00	2	ADD_SONG2LIBRARY	316	\N
152	2021-11-09 01:31:00	2	LISTEN	294	\N
153	2021-11-09 01:32:00	2	LISTEN	171	\N
154	2021-11-09 01:33:00	2	LISTEN	341	\N
155	2021-11-09 01:34:00	2	LISTEN	3	\N
156	2021-11-09 01:35:00	2	REMOVE_SONGfromLIBRARY	3	\N
157	2021-11-09 01:36:00	2	LISTEN	123	\N
158	2021-11-09 01:37:00	2	ADD_SONG2LIBRARY	123	\N
159	2021-11-09 01:38:00	2	LISTEN	357	\N
160	2021-11-09 01:39:00	2	LISTEN	152	\N
161	2021-11-09 01:40:00	2	LISTEN	68	\N
162	2021-11-09 01:41:00	2	LISTEN	146	\N
163	2021-11-09 01:42:00	2	ADD_SONG2LIBRARY	146	\N
164	2021-11-09 01:43:00	2	LISTEN	147	\N
165	2021-11-09 01:44:00	2	ADD_SONG2LIBRARY	147	\N
166	2021-11-09 01:45:00	3	LISTEN	284	\N
167	2021-11-09 01:46:00	3	LISTEN	4	\N
168	2021-11-09 01:47:00	3	ADD_SONG2LIBRARY	4	\N
169	2021-11-09 01:48:00	3	LISTEN	158	\N
170	2021-11-09 01:49:00	3	LISTEN	361	\N
171	2021-11-09 01:50:00	3	LISTEN	136	\N
172	2021-11-09 01:51:00	3	ADD_SONG2LIBRARY	136	\N
173	2021-11-09 01:52:00	3	LISTEN	349	\N
174	2021-11-09 01:53:00	3	ADD_SONG2LIBRARY	349	\N
175	2021-11-09 01:54:00	3	LISTEN	185	\N
176	2021-11-09 01:55:00	3	LISTEN	136	\N
177	2021-11-09 01:56:00	3	REMOVE_SONGfromLIBRARY	136	\N
178	2021-11-09 01:57:00	3	LISTEN	352	\N
179	2021-11-09 01:58:00	3	ADD_SONG2LIBRARY	352	\N
180	2021-11-09 01:59:00	3	LISTEN	281	\N
181	2021-11-09 02:00:00	3	ADD_SONG2LIBRARY	281	\N
182	2021-11-09 02:01:00	3	LISTEN	47	\N
183	2021-11-09 02:02:00	3	LISTEN	182	\N
184	2021-11-09 02:03:00	3	LISTEN	226	\N
185	2021-11-09 02:04:00	3	LISTEN	368	\N
186	2021-11-09 02:05:00	3	ADD_SONG2LIBRARY	368	\N
187	2021-11-09 02:06:00	3	REMOVE_SONGfromLIBRARY	368	\N
188	2021-11-09 02:07:00	3	LISTEN	264	\N
189	2021-11-09 02:08:00	3	ADD_SONG2LIBRARY	264	\N
190	2021-11-09 02:09:00	3	LISTEN	326	\N
191	2021-11-09 02:10:00	3	ADD_SONG2LIBRARY	326	\N
192	2021-11-09 02:11:00	3	LISTEN	360	\N
193	2021-11-09 02:12:00	3	ADD_SONG2LIBRARY	360	\N
194	2021-11-09 02:13:00	3	LISTEN	138	\N
195	2021-11-09 02:14:00	3	LISTEN	11	\N
196	2021-11-09 02:15:00	3	ADD_SONG2LIBRARY	11	\N
197	2021-11-09 02:16:00	3	LISTEN	191	\N
198	2021-11-09 02:17:00	3	ADD_SONG2LIBRARY	191	\N
199	2021-11-09 02:18:00	3	LISTEN	320	\N
200	2021-11-09 02:19:00	3	LISTEN	253	\N
201	2021-11-09 02:20:00	3	ADD_SONG2LIBRARY	253	\N
202	2021-11-09 02:21:00	3	LISTEN	315	\N
203	2021-11-09 02:22:00	3	ADD_SONG2LIBRARY	315	\N
204	2021-11-09 02:23:00	3	LISTEN	199	\N
205	2021-11-09 02:24:00	3	ADD_SONG2LIBRARY	199	\N
206	2021-11-09 02:25:00	3	REMOVE_SONGfromLIBRARY	199	\N
207	2021-11-09 02:26:00	3	LISTEN	201	\N
208	2021-11-09 02:27:00	3	ADD_SONG2LIBRARY	201	\N
209	2021-11-09 02:28:00	3	LISTEN	98	\N
210	2021-11-09 02:29:00	3	LISTEN	374	\N
211	2021-11-09 02:30:00	3	LISTEN	103	\N
212	2021-11-09 02:31:00	3	ADD_SONG2LIBRARY	103	\N
213	2021-11-09 02:32:00	3	LISTEN	133	\N
214	2021-11-09 02:33:00	3	ADD_SONG2LIBRARY	133	\N
215	2021-11-09 02:34:00	3	LISTEN	204	\N
216	2021-11-09 02:35:00	4	LISTEN	279	\N
217	2021-11-09 02:36:00	4	LISTEN	318	\N
218	2021-11-09 02:37:00	4	ADD_SONG2LIBRARY	318	\N
219	2021-11-09 02:38:00	4	LISTEN	104	\N
220	2021-11-09 02:39:00	4	ADD_SONG2LIBRARY	104	\N
221	2021-11-09 02:40:00	4	LISTEN	125	\N
222	2021-11-09 02:41:00	4	ADD_SONG2LIBRARY	125	\N
223	2021-11-09 02:42:00	4	LISTEN	170	\N
224	2021-11-09 02:43:00	4	LISTEN	94	\N
225	2021-11-09 02:44:00	4	ADD_SONG2LIBRARY	94	\N
226	2021-11-09 02:45:00	4	LISTEN	99	\N
227	2021-11-09 02:46:00	4	ADD_SONG2LIBRARY	99	\N
228	2021-11-09 02:47:00	4	LISTEN	369	\N
229	2021-11-09 02:48:00	4	ADD_SONG2LIBRARY	369	\N
230	2021-11-09 02:49:00	4	LISTEN	301	\N
231	2021-11-09 02:50:00	4	ADD_SONG2LIBRARY	301	\N
232	2021-11-09 02:51:00	4	LISTEN	235	\N
233	2021-11-09 02:52:00	4	ADD_SONG2LIBRARY	235	\N
234	2021-11-09 02:53:00	4	LISTEN	262	\N
235	2021-11-09 02:54:00	4	ADD_SONG2LIBRARY	262	\N
236	2021-11-09 02:55:00	4	REMOVE_SONGfromLIBRARY	262	\N
237	2021-11-09 02:56:00	4	LISTEN	288	\N
238	2021-11-09 02:57:00	4	LISTEN	34	\N
239	2021-11-09 02:58:00	4	ADD_SONG2LIBRARY	34	\N
240	2021-11-09 02:59:00	4	REMOVE_SONGfromLIBRARY	34	\N
241	2021-11-09 03:00:00	4	LISTEN	105	\N
242	2021-11-09 03:01:00	4	ADD_SONG2LIBRARY	105	\N
243	2021-11-09 03:02:00	4	LISTEN	344	\N
244	2021-11-09 03:03:00	4	ADD_SONG2LIBRARY	344	\N
245	2021-11-09 03:04:00	4	LISTEN	266	\N
246	2021-11-09 03:05:00	4	ADD_SONG2LIBRARY	266	\N
247	2021-11-09 03:06:00	4	LISTEN	299	\N
248	2021-11-09 03:07:00	4	ADD_SONG2LIBRARY	299	\N
249	2021-11-09 03:08:00	4	LISTEN	109	\N
250	2021-11-09 03:09:00	4	LISTEN	98	\N
251	2021-11-09 03:10:00	4	ADD_SONG2LIBRARY	98	\N
252	2021-11-09 03:11:00	4	LISTEN	241	\N
253	2021-11-09 03:12:00	4	LISTEN	45	\N
254	2021-11-09 03:13:00	4	ADD_SONG2LIBRARY	45	\N
255	2021-11-09 03:14:00	4	LISTEN	337	\N
256	2021-11-09 03:15:00	4	ADD_SONG2LIBRARY	337	\N
257	2021-11-09 03:16:00	4	LISTEN	113	\N
258	2021-11-09 03:17:00	4	ADD_SONG2LIBRARY	113	\N
259	2021-11-09 03:18:00	4	REMOVE_SONGfromLIBRARY	113	\N
260	2021-11-09 03:19:00	4	LISTEN	359	\N
261	2021-11-09 03:20:00	4	LISTEN	96	\N
262	2021-11-09 03:21:00	4	LISTEN	5	\N
263	2021-11-09 03:22:00	4	ADD_SONG2LIBRARY	5	\N
264	2021-11-09 03:23:00	4	LISTEN	369	\N
265	2021-11-09 03:24:00	4	REMOVE_SONGfromLIBRARY	369	\N
266	2021-11-09 03:25:00	4	LISTEN	362	\N
267	2021-11-09 03:26:00	4	LISTEN	220	\N
268	2021-11-09 03:27:00	4	LISTEN	112	\N
269	2021-11-09 03:28:00	4	ADD_SONG2LIBRARY	112	\N
270	2021-11-09 03:29:00	5	LISTEN	72	\N
271	2021-11-09 03:30:00	5	ADD_SONG2LIBRARY	72	\N
272	2021-11-09 03:31:00	5	LISTEN	30	\N
273	2021-11-09 03:32:00	5	LISTEN	113	\N
274	2021-11-09 03:33:00	5	ADD_SONG2LIBRARY	113	\N
275	2021-11-09 03:34:00	5	LISTEN	44	\N
276	2021-11-09 03:35:00	5	ADD_SONG2LIBRARY	44	\N
277	2021-11-09 03:36:00	5	REMOVE_SONGfromLIBRARY	44	\N
278	2021-11-09 03:37:00	5	LISTEN	347	\N
279	2021-11-09 03:38:00	5	ADD_SONG2LIBRARY	347	\N
280	2021-11-09 03:39:00	5	LISTEN	174	\N
281	2021-11-09 03:40:00	5	LISTEN	74	\N
282	2021-11-09 03:41:00	5	ADD_SONG2LIBRARY	74	\N
283	2021-11-09 03:42:00	5	LISTEN	76	\N
284	2021-11-09 03:43:00	5	ADD_SONG2LIBRARY	76	\N
285	2021-11-09 03:44:00	5	LISTEN	133	\N
286	2021-11-09 03:45:00	5	ADD_SONG2LIBRARY	133	\N
287	2021-11-09 03:46:00	5	LISTEN	272	\N
288	2021-11-09 03:47:00	5	ADD_SONG2LIBRARY	272	\N
289	2021-11-09 03:48:00	5	LISTEN	61	\N
290	2021-11-09 03:49:00	5	ADD_SONG2LIBRARY	61	\N
291	2021-11-09 03:50:00	5	REMOVE_SONGfromLIBRARY	61	\N
292	2021-11-09 03:51:00	5	LISTEN	190	\N
293	2021-11-09 03:52:00	5	ADD_SONG2LIBRARY	190	\N
294	2021-11-09 03:53:00	5	LISTEN	124	\N
295	2021-11-09 03:54:00	5	LISTEN	323	\N
296	2021-11-09 03:55:00	5	ADD_SONG2LIBRARY	323	\N
297	2021-11-09 03:56:00	5	LISTEN	253	\N
298	2021-11-09 03:57:00	5	ADD_SONG2LIBRARY	253	\N
299	2021-11-09 03:58:00	5	LISTEN	127	\N
300	2021-11-09 03:59:00	5	LISTEN	304	\N
301	2021-11-09 04:00:00	5	ADD_SONG2LIBRARY	304	\N
302	2021-11-09 04:01:00	5	LISTEN	65	\N
303	2021-11-09 04:02:00	5	ADD_SONG2LIBRARY	65	\N
304	2021-11-09 04:03:00	5	LISTEN	44	\N
305	2021-11-09 04:04:00	5	LISTEN	281	\N
306	2021-11-09 04:05:00	5	ADD_SONG2LIBRARY	281	\N
307	2021-11-09 04:06:00	5	LISTEN	324	\N
308	2021-11-09 04:07:00	5	LISTEN	378	\N
309	2021-11-09 04:08:00	5	LISTEN	168	\N
310	2021-11-09 04:09:00	5	ADD_SONG2LIBRARY	168	\N
311	2021-11-09 04:10:00	5	LISTEN	238	\N
312	2021-11-09 04:11:00	5	LISTEN	9	\N
313	2021-11-09 04:12:00	5	ADD_SONG2LIBRARY	9	\N
314	2021-11-09 04:13:00	5	LISTEN	94	\N
315	2021-11-09 04:14:00	5	ADD_SONG2LIBRARY	94	\N
316	2021-11-09 04:15:00	5	LISTEN	80	\N
317	2021-11-09 04:16:00	5	LISTEN	198	\N
318	2021-11-09 04:17:00	5	ADD_SONG2LIBRARY	198	\N
319	2021-11-09 04:18:00	5	LISTEN	243	\N
320	2021-11-09 04:19:00	5	ADD_SONG2LIBRARY	243	\N
321	2021-11-09 04:20:00	5	REMOVE_SONGfromLIBRARY	243	\N
322	2021-11-09 04:21:00	5	LISTEN	304	\N
323	2021-11-09 04:22:00	5	REMOVE_SONGfromLIBRARY	304	\N
324	2021-11-09 04:23:00	7	LISTEN	76	\N
325	2021-11-09 04:24:00	7	LISTEN	74	\N
326	2021-11-09 04:25:00	7	ADD_SONG2LIBRARY	74	\N
327	2021-11-09 04:26:00	7	LISTEN	77	\N
328	2021-11-09 04:27:00	7	ADD_SONG2LIBRARY	77	\N
329	2021-11-09 04:28:00	7	LISTEN	101	\N
330	2021-11-09 04:29:00	7	LISTEN	260	\N
331	2021-11-09 04:30:00	7	ADD_SONG2LIBRARY	260	\N
332	2021-11-09 04:31:00	7	LISTEN	22	\N
333	2021-11-09 04:32:00	7	ADD_SONG2LIBRARY	22	\N
334	2021-11-09 04:33:00	7	LISTEN	364	\N
335	2021-11-09 04:34:00	7	LISTEN	156	\N
336	2021-11-09 04:35:00	7	ADD_SONG2LIBRARY	156	\N
337	2021-11-09 04:36:00	7	LISTEN	207	\N
338	2021-11-09 04:37:00	7	ADD_SONG2LIBRARY	207	\N
339	2021-11-09 04:38:00	7	LISTEN	169	\N
340	2021-11-09 04:39:00	7	ADD_SONG2LIBRARY	169	\N
341	2021-11-09 04:40:00	7	REMOVE_SONGfromLIBRARY	169	\N
342	2021-11-09 04:41:00	7	LISTEN	377	\N
343	2021-11-09 04:42:00	7	ADD_SONG2LIBRARY	377	\N
344	2021-11-09 04:43:00	7	REMOVE_SONGfromLIBRARY	377	\N
345	2021-11-09 04:44:00	7	LISTEN	218	\N
346	2021-11-09 04:45:00	7	LISTEN	12	\N
347	2021-11-09 04:46:00	7	ADD_SONG2LIBRARY	12	\N
348	2021-11-09 04:47:00	7	LISTEN	240	\N
349	2021-11-09 04:48:00	7	ADD_SONG2LIBRARY	240	\N
350	2021-11-09 04:49:00	7	LISTEN	208	\N
351	2021-11-09 04:50:00	7	LISTEN	40	\N
352	2021-11-09 04:51:00	7	LISTEN	90	\N
353	2021-11-09 04:52:00	7	LISTEN	139	\N
354	2021-11-09 04:53:00	7	ADD_SONG2LIBRARY	139	\N
355	2021-11-09 04:54:00	7	LISTEN	74	\N
356	2021-11-09 04:55:00	7	REMOVE_SONGfromLIBRARY	74	\N
357	2021-11-09 04:56:00	7	LISTEN	250	\N
358	2021-11-09 04:57:00	7	ADD_SONG2LIBRARY	250	\N
359	2021-11-09 04:58:00	7	LISTEN	231	\N
360	2021-11-09 04:59:00	7	LISTEN	184	\N
361	2021-11-09 05:00:00	7	ADD_SONG2LIBRARY	184	\N
362	2021-11-09 05:01:00	7	LISTEN	238	\N
363	2021-11-09 05:02:00	7	ADD_SONG2LIBRARY	238	\N
364	2021-11-09 05:03:00	7	LISTEN	327	\N
365	2021-11-09 05:04:00	7	ADD_SONG2LIBRARY	327	\N
366	2021-11-09 05:05:00	7	LISTEN	176	\N
367	2021-11-09 05:06:00	7	LISTEN	320	\N
368	2021-11-09 05:07:00	7	LISTEN	323	\N
369	2021-11-09 05:08:00	7	ADD_SONG2LIBRARY	323	\N
370	2021-11-09 05:09:00	7	LISTEN	255	\N
371	2021-11-09 05:10:00	7	ADD_SONG2LIBRARY	255	\N
372	2021-11-09 05:11:00	7	LISTEN	19	\N
373	2021-11-09 05:12:00	7	ADD_SONG2LIBRARY	19	\N
374	2021-11-09 05:13:00	7	LISTEN	211	\N
375	2021-11-09 05:14:00	7	ADD_SONG2LIBRARY	211	\N
376	2021-11-09 05:15:00	8	LISTEN	201	\N
377	2021-11-09 05:16:00	8	LISTEN	185	\N
378	2021-11-09 05:17:00	8	LISTEN	83	\N
379	2021-11-09 05:18:00	8	LISTEN	231	\N
380	2021-11-09 05:19:00	8	ADD_SONG2LIBRARY	231	\N
381	2021-11-09 05:20:00	8	REMOVE_SONGfromLIBRARY	231	\N
382	2021-11-09 05:21:00	8	LISTEN	241	\N
383	2021-11-09 05:22:00	8	LISTEN	25	\N
384	2021-11-09 05:23:00	8	ADD_SONG2LIBRARY	25	\N
385	2021-11-09 05:24:00	8	LISTEN	82	\N
386	2021-11-09 05:25:00	8	LISTEN	337	\N
387	2021-11-09 05:26:00	8	ADD_SONG2LIBRARY	337	\N
388	2021-11-09 05:27:00	8	REMOVE_SONGfromLIBRARY	337	\N
389	2021-11-09 05:28:00	8	LISTEN	332	\N
390	2021-11-09 05:29:00	8	LISTEN	122	\N
391	2021-11-09 05:30:00	8	ADD_SONG2LIBRARY	122	\N
392	2021-11-09 05:31:00	8	LISTEN	39	\N
393	2021-11-09 05:32:00	8	ADD_SONG2LIBRARY	39	\N
394	2021-11-09 05:33:00	8	REMOVE_SONGfromLIBRARY	39	\N
395	2021-11-09 05:34:00	8	LISTEN	337	\N
396	2021-11-09 05:35:00	8	LISTEN	48	\N
397	2021-11-09 05:36:00	8	LISTEN	305	\N
398	2021-11-09 05:37:00	8	ADD_SONG2LIBRARY	305	\N
399	2021-11-09 05:38:00	8	LISTEN	49	\N
400	2021-11-09 05:39:00	8	ADD_SONG2LIBRARY	49	\N
401	2021-11-09 05:40:00	8	LISTEN	18	\N
402	2021-11-09 05:41:00	8	ADD_SONG2LIBRARY	18	\N
403	2021-11-09 05:42:00	8	LISTEN	265	\N
404	2021-11-09 05:43:00	8	LISTEN	299	\N
405	2021-11-09 05:44:00	8	ADD_SONG2LIBRARY	299	\N
406	2021-11-09 05:45:00	8	REMOVE_SONGfromLIBRARY	299	\N
407	2021-11-09 05:46:00	8	LISTEN	115	\N
408	2021-11-09 05:47:00	8	ADD_SONG2LIBRARY	115	\N
409	2021-11-09 05:48:00	8	LISTEN	374	\N
410	2021-11-09 05:49:00	8	ADD_SONG2LIBRARY	374	\N
411	2021-11-09 05:50:00	8	LISTEN	243	\N
412	2021-11-09 05:51:00	8	ADD_SONG2LIBRARY	243	\N
413	2021-11-09 05:52:00	8	LISTEN	361	\N
414	2021-11-09 05:53:00	8	ADD_SONG2LIBRARY	361	\N
415	2021-11-09 05:54:00	8	LISTEN	47	\N
416	2021-11-09 05:55:00	8	LISTEN	299	\N
417	2021-11-09 05:56:00	8	ADD_SONG2LIBRARY	299	\N
418	2021-11-09 05:57:00	8	LISTEN	302	\N
419	2021-11-09 05:58:00	8	ADD_SONG2LIBRARY	302	\N
420	2021-11-09 05:59:00	8	REMOVE_SONGfromLIBRARY	302	\N
421	2021-11-09 06:00:00	8	LISTEN	105	\N
422	2021-11-09 06:01:00	8	ADD_SONG2LIBRARY	105	\N
423	2021-11-09 06:02:00	8	LISTEN	2	\N
424	2021-11-09 06:03:00	8	ADD_SONG2LIBRARY	2	\N
425	2021-11-09 06:04:00	8	LISTEN	207	\N
426	2021-11-09 06:05:00	8	LISTEN	151	\N
427	2021-11-09 06:06:00	8	ADD_SONG2LIBRARY	151	\N
428	2021-11-09 06:07:00	8	REMOVE_SONGfromLIBRARY	151	\N
429	2021-11-09 06:08:00	8	LISTEN	209	\N
430	2021-11-09 06:09:00	8	ADD_SONG2LIBRARY	209	\N
431	2021-11-09 06:10:00	9	LISTEN	60	\N
432	2021-11-09 06:11:00	9	ADD_SONG2LIBRARY	60	\N
433	2021-11-09 06:12:00	9	LISTEN	45	\N
434	2021-11-09 06:13:00	9	ADD_SONG2LIBRARY	45	\N
435	2021-11-09 06:14:00	9	LISTEN	331	\N
436	2021-11-09 06:15:00	9	ADD_SONG2LIBRARY	331	\N
437	2021-11-09 06:16:00	9	LISTEN	126	\N
438	2021-11-09 06:17:00	9	ADD_SONG2LIBRARY	126	\N
439	2021-11-09 06:18:00	9	LISTEN	166	\N
440	2021-11-09 06:19:00	9	ADD_SONG2LIBRARY	166	\N
441	2021-11-09 06:20:00	9	REMOVE_SONGfromLIBRARY	166	\N
442	2021-11-09 06:21:00	9	LISTEN	195	\N
443	2021-11-09 06:22:00	9	ADD_SONG2LIBRARY	195	\N
444	2021-11-09 06:23:00	9	LISTEN	354	\N
445	2021-11-09 06:24:00	9	ADD_SONG2LIBRARY	354	\N
446	2021-11-09 06:25:00	9	LISTEN	361	\N
447	2021-11-09 06:26:00	9	LISTEN	110	\N
448	2021-11-09 06:27:00	9	ADD_SONG2LIBRARY	110	\N
449	2021-11-09 06:28:00	9	LISTEN	365	\N
450	2021-11-09 06:29:00	9	ADD_SONG2LIBRARY	365	\N
451	2021-11-09 06:30:00	9	LISTEN	202	\N
452	2021-11-09 06:31:00	9	LISTEN	103	\N
453	2021-11-09 06:32:00	9	LISTEN	26	\N
454	2021-11-09 06:33:00	9	ADD_SONG2LIBRARY	26	\N
455	2021-11-09 06:34:00	9	REMOVE_SONGfromLIBRARY	26	\N
456	2021-11-09 06:35:00	9	LISTEN	276	\N
457	2021-11-09 06:36:00	9	ADD_SONG2LIBRARY	276	\N
458	2021-11-09 06:37:00	9	LISTEN	229	\N
459	2021-11-09 06:38:00	9	ADD_SONG2LIBRARY	229	\N
460	2021-11-09 06:39:00	9	LISTEN	303	\N
461	2021-11-09 06:40:00	9	ADD_SONG2LIBRARY	303	\N
462	2021-11-09 06:41:00	9	LISTEN	18	\N
463	2021-11-09 06:42:00	9	ADD_SONG2LIBRARY	18	\N
464	2021-11-09 06:43:00	9	REMOVE_SONGfromLIBRARY	18	\N
465	2021-11-09 06:44:00	9	LISTEN	71	\N
466	2021-11-09 06:45:00	9	ADD_SONG2LIBRARY	71	\N
467	2021-11-09 06:46:00	9	LISTEN	151	\N
468	2021-11-09 06:47:00	9	ADD_SONG2LIBRARY	151	\N
469	2021-11-09 06:48:00	9	LISTEN	14	\N
470	2021-11-09 06:49:00	9	LISTEN	214	\N
471	2021-11-09 06:50:00	9	LISTEN	151	\N
472	2021-11-09 06:51:00	9	REMOVE_SONGfromLIBRARY	151	\N
473	2021-11-09 06:52:00	9	LISTEN	129	\N
474	2021-11-09 06:53:00	9	LISTEN	336	\N
475	2021-11-09 06:54:00	9	LISTEN	195	\N
476	2021-11-09 06:55:00	9	REMOVE_SONGfromLIBRARY	195	\N
477	2021-11-09 06:56:00	9	LISTEN	89	\N
478	2021-11-09 06:57:00	9	ADD_SONG2LIBRARY	89	\N
479	2021-11-09 06:58:00	9	LISTEN	303	\N
480	2021-11-09 06:59:00	9	REMOVE_SONGfromLIBRARY	303	\N
481	2021-11-09 07:00:00	9	LISTEN	275	\N
482	2021-11-09 07:01:00	9	ADD_SONG2LIBRARY	275	\N
483	2021-11-09 07:02:00	9	REMOVE_SONGfromLIBRARY	275	\N
484	2021-11-09 07:03:00	9	LISTEN	262	\N
485	2021-11-09 07:04:00	9	LISTEN	153	\N
486	2021-11-09 07:05:00	9	ADD_SONG2LIBRARY	153	\N
487	2021-11-09 07:06:00	10	LISTEN	374	\N
488	2021-11-09 07:07:00	10	ADD_SONG2LIBRARY	374	\N
489	2021-11-09 07:08:00	10	LISTEN	62	\N
490	2021-11-09 07:09:00	10	ADD_SONG2LIBRARY	62	\N
491	2021-11-09 07:10:00	10	LISTEN	184	\N
492	2021-11-09 07:11:00	10	ADD_SONG2LIBRARY	184	\N
493	2021-11-09 07:12:00	10	LISTEN	257	\N
494	2021-11-09 07:13:00	10	ADD_SONG2LIBRARY	257	\N
495	2021-11-09 07:14:00	10	LISTEN	57	\N
496	2021-11-09 07:15:00	10	LISTEN	7	\N
497	2021-11-09 07:16:00	10	ADD_SONG2LIBRARY	7	\N
498	2021-11-09 07:17:00	10	LISTEN	267	\N
499	2021-11-09 07:18:00	10	LISTEN	288	\N
500	2021-11-09 07:19:00	10	LISTEN	93	\N
501	2021-11-09 07:20:00	10	LISTEN	328	\N
502	2021-11-09 07:21:00	10	ADD_SONG2LIBRARY	328	\N
503	2021-11-09 07:22:00	10	LISTEN	301	\N
504	2021-11-09 07:23:00	10	ADD_SONG2LIBRARY	301	\N
505	2021-11-09 07:24:00	10	LISTEN	341	\N
506	2021-11-09 07:25:00	10	ADD_SONG2LIBRARY	341	\N
507	2021-11-09 07:26:00	10	LISTEN	185	\N
508	2021-11-09 07:27:00	10	ADD_SONG2LIBRARY	185	\N
509	2021-11-09 07:28:00	10	LISTEN	192	\N
510	2021-11-09 07:29:00	10	LISTEN	193	\N
511	2021-11-09 07:30:00	10	ADD_SONG2LIBRARY	193	\N
512	2021-11-09 07:31:00	10	LISTEN	180	\N
513	2021-11-09 07:32:00	10	ADD_SONG2LIBRARY	180	\N
514	2021-11-09 07:33:00	10	LISTEN	351	\N
515	2021-11-09 07:34:00	10	ADD_SONG2LIBRARY	351	\N
516	2021-11-09 07:35:00	10	LISTEN	195	\N
517	2021-11-09 07:36:00	10	ADD_SONG2LIBRARY	195	\N
518	2021-11-09 07:37:00	10	LISTEN	197	\N
519	2021-11-09 07:38:00	10	ADD_SONG2LIBRARY	197	\N
520	2021-11-09 07:39:00	10	LISTEN	98	\N
521	2021-11-09 07:40:00	10	LISTEN	236	\N
522	2021-11-09 07:41:00	10	ADD_SONG2LIBRARY	236	\N
523	2021-11-09 07:42:00	10	REMOVE_SONGfromLIBRARY	236	\N
524	2021-11-09 07:43:00	10	LISTEN	336	\N
525	2021-11-09 07:44:00	10	ADD_SONG2LIBRARY	336	\N
526	2021-11-09 07:45:00	10	LISTEN	10	\N
527	2021-11-09 07:46:00	10	ADD_SONG2LIBRARY	10	\N
528	2021-11-09 07:47:00	10	LISTEN	283	\N
529	2021-11-09 07:48:00	10	ADD_SONG2LIBRARY	283	\N
530	2021-11-09 07:49:00	10	LISTEN	155	\N
531	2021-11-09 07:50:00	10	LISTEN	340	\N
532	2021-11-09 07:51:00	10	LISTEN	135	\N
533	2021-11-09 07:52:00	10	ADD_SONG2LIBRARY	135	\N
534	2021-11-09 07:53:00	10	LISTEN	219	\N
535	2021-11-09 07:54:00	10	LISTEN	159	\N
536	2021-11-09 07:55:00	10	LISTEN	69	\N
537	2021-11-09 07:56:00	10	ADD_SONG2LIBRARY	69	\N
538	2021-11-09 07:57:00	11	LISTEN	239	\N
539	2021-11-09 07:58:00	11	LISTEN	28	\N
540	2021-11-09 07:59:00	11	ADD_SONG2LIBRARY	28	\N
541	2021-11-09 08:00:00	11	LISTEN	210	\N
542	2021-11-09 08:01:00	11	LISTEN	114	\N
543	2021-11-09 08:02:00	11	ADD_SONG2LIBRARY	114	\N
544	2021-11-09 08:03:00	11	LISTEN	352	\N
545	2021-11-09 08:04:00	11	ADD_SONG2LIBRARY	352	\N
546	2021-11-09 08:05:00	11	LISTEN	115	\N
547	2021-11-09 08:06:00	11	ADD_SONG2LIBRARY	115	\N
548	2021-11-09 08:07:00	11	LISTEN	372	\N
549	2021-11-09 08:08:00	11	ADD_SONG2LIBRARY	372	\N
550	2021-11-09 08:09:00	11	LISTEN	175	\N
551	2021-11-09 08:10:00	11	ADD_SONG2LIBRARY	175	\N
552	2021-11-09 08:11:00	11	LISTEN	45	\N
553	2021-11-09 08:12:00	11	ADD_SONG2LIBRARY	45	\N
554	2021-11-09 08:13:00	11	LISTEN	311	\N
555	2021-11-09 08:14:00	11	LISTEN	353	\N
556	2021-11-09 08:15:00	11	LISTEN	352	\N
557	2021-11-09 08:16:00	11	REMOVE_SONGfromLIBRARY	352	\N
558	2021-11-09 08:17:00	11	LISTEN	44	\N
559	2021-11-09 08:18:00	11	ADD_SONG2LIBRARY	44	\N
560	2021-11-09 08:19:00	11	LISTEN	165	\N
561	2021-11-09 08:20:00	11	ADD_SONG2LIBRARY	165	\N
562	2021-11-09 08:21:00	11	LISTEN	252	\N
563	2021-11-09 08:22:00	11	ADD_SONG2LIBRARY	252	\N
564	2021-11-09 08:23:00	11	REMOVE_SONGfromLIBRARY	252	\N
565	2021-11-09 08:24:00	11	LISTEN	152	\N
566	2021-11-09 08:25:00	11	LISTEN	333	\N
567	2021-11-09 08:26:00	11	ADD_SONG2LIBRARY	333	\N
568	2021-11-09 08:27:00	11	REMOVE_SONGfromLIBRARY	333	\N
569	2021-11-09 08:28:00	11	LISTEN	191	\N
570	2021-11-09 08:29:00	11	LISTEN	116	\N
571	2021-11-09 08:30:00	11	ADD_SONG2LIBRARY	116	\N
572	2021-11-09 08:31:00	11	LISTEN	305	\N
573	2021-11-09 08:32:00	11	ADD_SONG2LIBRARY	305	\N
574	2021-11-09 08:33:00	11	REMOVE_SONGfromLIBRARY	305	\N
575	2021-11-09 08:34:00	11	LISTEN	48	\N
576	2021-11-09 08:35:00	11	LISTEN	103	\N
577	2021-11-09 08:36:00	11	ADD_SONG2LIBRARY	103	\N
578	2021-11-09 08:37:00	11	LISTEN	236	\N
579	2021-11-09 08:38:00	11	LISTEN	217	\N
580	2021-11-09 08:39:00	11	LISTEN	338	\N
581	2021-11-09 08:40:00	11	LISTEN	120	\N
582	2021-11-09 08:41:00	11	ADD_SONG2LIBRARY	120	\N
583	2021-11-09 08:42:00	11	LISTEN	17	\N
584	2021-11-09 08:43:00	11	LISTEN	345	\N
585	2021-11-09 08:44:00	11	ADD_SONG2LIBRARY	345	\N
586	2021-11-09 08:45:00	11	LISTEN	129	\N
587	2021-11-09 08:46:00	11	LISTEN	250	\N
588	2021-11-09 08:47:00	11	ADD_SONG2LIBRARY	250	\N
589	2021-11-09 08:48:00	11	REMOVE_SONGfromLIBRARY	250	\N
590	2021-11-09 08:49:00	12	LISTEN	372	\N
591	2021-11-09 08:50:00	12	ADD_SONG2LIBRARY	372	\N
592	2021-11-09 08:51:00	12	LISTEN	140	\N
593	2021-11-09 08:52:00	12	ADD_SONG2LIBRARY	140	\N
594	2021-11-09 08:53:00	12	LISTEN	256	\N
595	2021-11-09 08:54:00	12	LISTEN	348	\N
596	2021-11-09 08:55:00	12	LISTEN	183	\N
597	2021-11-09 08:56:00	12	ADD_SONG2LIBRARY	183	\N
598	2021-11-09 08:57:00	12	LISTEN	203	\N
599	2021-11-09 08:58:00	12	ADD_SONG2LIBRARY	203	\N
600	2021-11-09 08:59:00	12	LISTEN	198	\N
601	2021-11-09 09:00:00	12	ADD_SONG2LIBRARY	198	\N
602	2021-11-09 09:01:00	12	LISTEN	339	\N
603	2021-11-09 09:02:00	12	LISTEN	63	\N
604	2021-11-09 09:03:00	12	ADD_SONG2LIBRARY	63	\N
605	2021-11-09 09:04:00	12	LISTEN	232	\N
606	2021-11-09 09:05:00	12	LISTEN	207	\N
607	2021-11-09 09:06:00	12	ADD_SONG2LIBRARY	207	\N
608	2021-11-09 09:07:00	12	LISTEN	167	\N
609	2021-11-09 09:08:00	12	ADD_SONG2LIBRARY	167	\N
610	2021-11-09 09:09:00	12	LISTEN	290	\N
611	2021-11-09 09:10:00	12	LISTEN	34	\N
612	2021-11-09 09:11:00	12	ADD_SONG2LIBRARY	34	\N
613	2021-11-09 09:12:00	12	LISTEN	76	\N
614	2021-11-09 09:13:00	12	ADD_SONG2LIBRARY	76	\N
615	2021-11-09 09:14:00	12	REMOVE_SONGfromLIBRARY	76	\N
616	2021-11-09 09:15:00	12	LISTEN	297	\N
617	2021-11-09 09:16:00	12	LISTEN	345	\N
618	2021-11-09 09:17:00	12	LISTEN	282	\N
619	2021-11-09 09:18:00	12	ADD_SONG2LIBRARY	282	\N
620	2021-11-09 09:19:00	12	LISTEN	348	\N
621	2021-11-09 09:20:00	12	LISTEN	180	\N
622	2021-11-09 09:21:00	12	LISTEN	240	\N
623	2021-11-09 09:22:00	12	ADD_SONG2LIBRARY	240	\N
624	2021-11-09 09:23:00	12	LISTEN	315	\N
625	2021-11-09 09:24:00	12	LISTEN	72	\N
626	2021-11-09 09:25:00	12	LISTEN	348	\N
627	2021-11-09 09:26:00	12	ADD_SONG2LIBRARY	348	\N
628	2021-11-09 09:27:00	12	LISTEN	192	\N
629	2021-11-09 09:28:00	12	ADD_SONG2LIBRARY	192	\N
630	2021-11-09 09:29:00	12	LISTEN	297	\N
631	2021-11-09 09:30:00	12	LISTEN	353	\N
632	2021-11-09 09:31:00	12	LISTEN	111	\N
633	2021-11-09 09:32:00	12	LISTEN	119	\N
634	2021-11-09 09:33:00	12	ADD_SONG2LIBRARY	119	\N
635	2021-11-09 09:34:00	12	LISTEN	27	\N
636	2021-11-09 09:35:00	13	LISTEN	308	\N
637	2021-11-09 09:36:00	13	ADD_SONG2LIBRARY	308	\N
638	2021-11-09 09:37:00	13	LISTEN	303	\N
639	2021-11-09 09:38:00	13	ADD_SONG2LIBRARY	303	\N
640	2021-11-09 09:39:00	13	LISTEN	101	\N
641	2021-11-09 09:40:00	13	LISTEN	182	\N
642	2021-11-09 09:41:00	13	ADD_SONG2LIBRARY	182	\N
643	2021-11-09 09:42:00	13	REMOVE_SONGfromLIBRARY	182	\N
644	2021-11-09 09:43:00	13	LISTEN	336	\N
645	2021-11-09 09:44:00	13	ADD_SONG2LIBRARY	336	\N
646	2021-11-09 09:45:00	13	REMOVE_SONGfromLIBRARY	336	\N
647	2021-11-09 09:46:00	13	LISTEN	346	\N
648	2021-11-09 09:47:00	13	LISTEN	207	\N
649	2021-11-09 09:48:00	13	LISTEN	43	\N
650	2021-11-09 09:49:00	13	ADD_SONG2LIBRARY	43	\N
651	2021-11-09 09:50:00	13	REMOVE_SONGfromLIBRARY	43	\N
652	2021-11-09 09:51:00	13	LISTEN	15	\N
653	2021-11-09 09:52:00	13	ADD_SONG2LIBRARY	15	\N
654	2021-11-09 09:53:00	13	LISTEN	28	\N
655	2021-11-09 09:54:00	13	LISTEN	354	\N
656	2021-11-09 09:55:00	13	LISTEN	35	\N
657	2021-11-09 09:56:00	13	ADD_SONG2LIBRARY	35	\N
658	2021-11-09 09:57:00	13	LISTEN	321	\N
659	2021-11-09 09:58:00	13	LISTEN	168	\N
660	2021-11-09 09:59:00	13	LISTEN	198	\N
661	2021-11-09 10:00:00	13	ADD_SONG2LIBRARY	198	\N
662	2021-11-09 10:01:00	13	LISTEN	182	\N
663	2021-11-09 10:02:00	13	ADD_SONG2LIBRARY	182	\N
664	2021-11-09 10:03:00	13	LISTEN	242	\N
665	2021-11-09 10:04:00	13	LISTEN	234	\N
666	2021-11-09 10:05:00	13	ADD_SONG2LIBRARY	234	\N
667	2021-11-09 10:06:00	13	REMOVE_SONGfromLIBRARY	234	\N
668	2021-11-09 10:07:00	13	LISTEN	227	\N
669	2021-11-09 10:08:00	13	ADD_SONG2LIBRARY	227	\N
670	2021-11-09 10:09:00	13	LISTEN	125	\N
671	2021-11-09 10:10:00	13	ADD_SONG2LIBRARY	125	\N
672	2021-11-09 10:11:00	13	LISTEN	355	\N
673	2021-11-09 10:12:00	13	ADD_SONG2LIBRARY	355	\N
674	2021-11-09 10:13:00	13	LISTEN	230	\N
675	2021-11-09 10:14:00	13	LISTEN	277	\N
676	2021-11-09 10:15:00	13	ADD_SONG2LIBRARY	277	\N
677	2021-11-09 10:16:00	13	REMOVE_SONGfromLIBRARY	277	\N
678	2021-11-09 10:17:00	13	LISTEN	246	\N
679	2021-11-09 10:18:00	13	ADD_SONG2LIBRARY	246	\N
680	2021-11-09 10:19:00	13	LISTEN	254	\N
681	2021-11-09 10:20:00	13	ADD_SONG2LIBRARY	254	\N
682	2021-11-09 10:21:00	13	LISTEN	36	\N
683	2021-11-09 10:22:00	13	ADD_SONG2LIBRARY	36	\N
684	2021-11-09 10:23:00	13	REMOVE_SONGfromLIBRARY	36	\N
685	2021-11-09 10:24:00	13	LISTEN	33	\N
686	2021-11-09 10:25:00	13	LISTEN	316	\N
687	2021-11-09 10:26:00	13	ADD_SONG2LIBRARY	316	\N
688	2021-11-09 10:27:00	13	REMOVE_SONGfromLIBRARY	316	\N
689	2021-11-09 10:28:00	13	LISTEN	117	\N
690	2021-11-09 10:29:00	13	ADD_SONG2LIBRARY	117	\N
691	2021-11-09 10:30:00	13	LISTEN	46	\N
692	2021-11-09 10:31:00	13	ADD_SONG2LIBRARY	46	\N
693	2021-11-09 10:32:00	14	LISTEN	375	\N
694	2021-11-09 10:33:00	14	ADD_SONG2LIBRARY	375	\N
695	2021-11-09 10:34:00	14	LISTEN	305	\N
696	2021-11-09 10:35:00	14	LISTEN	313	\N
697	2021-11-09 10:36:00	14	LISTEN	222	\N
698	2021-11-09 10:37:00	14	LISTEN	221	\N
699	2021-11-09 10:38:00	14	ADD_SONG2LIBRARY	221	\N
700	2021-11-09 10:39:00	14	LISTEN	287	\N
701	2021-11-09 10:40:00	14	ADD_SONG2LIBRARY	287	\N
702	2021-11-09 10:41:00	14	LISTEN	342	\N
703	2021-11-09 10:42:00	14	ADD_SONG2LIBRARY	342	\N
704	2021-11-09 10:43:00	14	LISTEN	103	\N
705	2021-11-09 10:44:00	14	ADD_SONG2LIBRARY	103	\N
706	2021-11-09 10:45:00	14	LISTEN	171	\N
707	2021-11-09 10:46:00	14	LISTEN	151	\N
708	2021-11-09 10:47:00	14	LISTEN	241	\N
709	2021-11-09 10:48:00	14	ADD_SONG2LIBRARY	241	\N
710	2021-11-09 10:49:00	14	LISTEN	221	\N
711	2021-11-09 10:50:00	14	REMOVE_SONGfromLIBRARY	221	\N
712	2021-11-09 10:51:00	14	LISTEN	276	\N
713	2021-11-09 10:52:00	14	ADD_SONG2LIBRARY	276	\N
714	2021-11-09 10:53:00	14	REMOVE_SONGfromLIBRARY	276	\N
715	2021-11-09 10:54:00	14	LISTEN	190	\N
716	2021-11-09 10:55:00	14	ADD_SONG2LIBRARY	190	\N
717	2021-11-09 10:56:00	14	LISTEN	359	\N
718	2021-11-09 10:57:00	14	LISTEN	151	\N
719	2021-11-09 10:58:00	14	LISTEN	226	\N
720	2021-11-09 10:59:00	14	LISTEN	340	\N
721	2021-11-09 11:00:00	14	ADD_SONG2LIBRARY	340	\N
722	2021-11-09 11:01:00	14	REMOVE_SONGfromLIBRARY	340	\N
723	2021-11-09 11:02:00	14	LISTEN	180	\N
724	2021-11-09 11:03:00	14	LISTEN	246	\N
725	2021-11-09 11:04:00	14	ADD_SONG2LIBRARY	246	\N
726	2021-11-09 11:05:00	14	REMOVE_SONGfromLIBRARY	246	\N
727	2021-11-09 11:06:00	14	LISTEN	199	\N
728	2021-11-09 11:07:00	14	ADD_SONG2LIBRARY	199	\N
729	2021-11-09 11:08:00	14	LISTEN	328	\N
730	2021-11-09 11:09:00	14	ADD_SONG2LIBRARY	328	\N
731	2021-11-09 11:10:00	14	LISTEN	185	\N
732	2021-11-09 11:11:00	14	LISTEN	182	\N
733	2021-11-09 11:12:00	14	LISTEN	297	\N
734	2021-11-09 11:13:00	14	LISTEN	216	\N
735	2021-11-09 11:14:00	14	ADD_SONG2LIBRARY	216	\N
736	2021-11-09 11:15:00	14	REMOVE_SONGfromLIBRARY	216	\N
737	2021-11-09 11:16:00	14	LISTEN	280	\N
738	2021-11-09 11:17:00	14	ADD_SONG2LIBRARY	280	\N
739	2021-11-09 11:18:00	14	LISTEN	282	\N
740	2021-11-09 11:19:00	14	LISTEN	18	\N
741	2021-11-09 11:20:00	14	LISTEN	218	\N
742	2021-11-09 11:21:00	14	ADD_SONG2LIBRARY	218	\N
743	2021-11-09 11:22:00	15	LISTEN	189	\N
744	2021-11-09 11:23:00	15	ADD_SONG2LIBRARY	189	\N
745	2021-11-09 11:24:00	15	LISTEN	359	\N
746	2021-11-09 11:25:00	15	ADD_SONG2LIBRARY	359	\N
747	2021-11-09 11:26:00	15	LISTEN	17	\N
748	2021-11-09 11:27:00	15	ADD_SONG2LIBRARY	17	\N
749	2021-11-09 11:28:00	15	LISTEN	189	\N
750	2021-11-09 11:29:00	15	REMOVE_SONGfromLIBRARY	189	\N
751	2021-11-09 11:30:00	15	LISTEN	318	\N
752	2021-11-09 11:31:00	15	ADD_SONG2LIBRARY	318	\N
753	2021-11-09 11:32:00	15	LISTEN	328	\N
754	2021-11-09 11:33:00	15	ADD_SONG2LIBRARY	328	\N
755	2021-11-09 11:34:00	15	LISTEN	27	\N
756	2021-11-09 11:35:00	15	ADD_SONG2LIBRARY	27	\N
757	2021-11-09 11:36:00	15	LISTEN	109	\N
758	2021-11-09 11:37:00	15	ADD_SONG2LIBRARY	109	\N
759	2021-11-09 11:38:00	15	LISTEN	185	\N
760	2021-11-09 11:39:00	15	ADD_SONG2LIBRARY	185	\N
761	2021-11-09 11:40:00	15	LISTEN	260	\N
762	2021-11-09 11:41:00	15	LISTEN	212	\N
763	2021-11-09 11:42:00	15	LISTEN	334	\N
764	2021-11-09 11:43:00	15	ADD_SONG2LIBRARY	334	\N
765	2021-11-09 11:44:00	15	LISTEN	90	\N
766	2021-11-09 11:45:00	15	LISTEN	94	\N
767	2021-11-09 11:46:00	15	LISTEN	8	\N
768	2021-11-09 11:47:00	15	LISTEN	80	\N
769	2021-11-09 11:48:00	15	ADD_SONG2LIBRARY	80	\N
770	2021-11-09 11:49:00	15	LISTEN	261	\N
771	2021-11-09 11:50:00	15	ADD_SONG2LIBRARY	261	\N
772	2021-11-09 11:51:00	15	LISTEN	269	\N
773	2021-11-09 11:52:00	15	LISTEN	227	\N
774	2021-11-09 11:53:00	15	ADD_SONG2LIBRARY	227	\N
775	2021-11-09 11:54:00	15	LISTEN	213	\N
776	2021-11-09 11:55:00	15	ADD_SONG2LIBRARY	213	\N
777	2021-11-09 11:56:00	15	LISTEN	91	\N
778	2021-11-09 11:57:00	15	ADD_SONG2LIBRARY	91	\N
779	2021-11-09 11:58:00	15	REMOVE_SONGfromLIBRARY	91	\N
780	2021-11-09 11:59:00	15	LISTEN	85	\N
781	2021-11-09 12:00:00	15	LISTEN	141	\N
782	2021-11-09 12:01:00	15	ADD_SONG2LIBRARY	141	\N
783	2021-11-09 12:02:00	15	LISTEN	266	\N
784	2021-11-09 12:03:00	15	ADD_SONG2LIBRARY	266	\N
785	2021-11-09 12:04:00	15	LISTEN	16	\N
786	2021-11-09 12:05:00	15	ADD_SONG2LIBRARY	16	\N
787	2021-11-09 12:06:00	15	REMOVE_SONGfromLIBRARY	16	\N
788	2021-11-09 12:07:00	15	LISTEN	359	\N
789	2021-11-09 12:08:00	15	REMOVE_SONGfromLIBRARY	359	\N
790	2021-11-09 12:09:00	15	LISTEN	105	\N
791	2021-11-09 12:10:00	15	LISTEN	133	\N
792	2021-11-09 12:11:00	15	ADD_SONG2LIBRARY	133	\N
793	2021-11-09 12:12:00	15	LISTEN	161	\N
794	2021-11-09 12:13:00	15	LISTEN	5	\N
795	2021-11-09 12:14:00	15	ADD_SONG2LIBRARY	5	\N
796	2021-11-09 12:15:00	16	LISTEN	30	\N
797	2021-11-09 12:16:00	16	ADD_SONG2LIBRARY	30	\N
798	2021-11-09 12:17:00	16	LISTEN	278	\N
799	2021-11-09 12:18:00	16	ADD_SONG2LIBRARY	278	\N
800	2021-11-09 12:19:00	16	LISTEN	271	\N
801	2021-11-09 12:20:00	16	LISTEN	51	\N
802	2021-11-09 12:21:00	16	ADD_SONG2LIBRARY	51	\N
803	2021-11-09 12:22:00	16	LISTEN	280	\N
804	2021-11-09 12:23:00	16	ADD_SONG2LIBRARY	280	\N
805	2021-11-09 12:24:00	16	LISTEN	246	\N
806	2021-11-09 12:25:00	16	ADD_SONG2LIBRARY	246	\N
807	2021-11-09 12:26:00	16	LISTEN	250	\N
808	2021-11-09 12:27:00	16	LISTEN	291	\N
809	2021-11-09 12:28:00	16	ADD_SONG2LIBRARY	291	\N
810	2021-11-09 12:29:00	16	LISTEN	374	\N
811	2021-11-09 12:30:00	16	LISTEN	168	\N
812	2021-11-09 12:31:00	16	ADD_SONG2LIBRARY	168	\N
813	2021-11-09 12:32:00	16	LISTEN	4	\N
814	2021-11-09 12:33:00	16	ADD_SONG2LIBRARY	4	\N
815	2021-11-09 12:34:00	16	LISTEN	342	\N
816	2021-11-09 12:35:00	16	LISTEN	378	\N
817	2021-11-09 12:36:00	16	ADD_SONG2LIBRARY	378	\N
818	2021-11-09 12:37:00	16	REMOVE_SONGfromLIBRARY	378	\N
819	2021-11-09 12:38:00	16	LISTEN	114	\N
820	2021-11-09 12:39:00	16	LISTEN	146	\N
821	2021-11-09 12:40:00	16	LISTEN	116	\N
822	2021-11-09 12:41:00	16	LISTEN	357	\N
823	2021-11-09 12:42:00	16	ADD_SONG2LIBRARY	357	\N
824	2021-11-09 12:43:00	16	LISTEN	17	\N
825	2021-11-09 12:44:00	16	LISTEN	87	\N
826	2021-11-09 12:45:00	16	LISTEN	73	\N
827	2021-11-09 12:46:00	16	ADD_SONG2LIBRARY	73	\N
828	2021-11-09 12:47:00	16	LISTEN	133	\N
829	2021-11-09 12:48:00	16	ADD_SONG2LIBRARY	133	\N
830	2021-11-09 12:49:00	16	LISTEN	24	\N
831	2021-11-09 12:50:00	16	ADD_SONG2LIBRARY	24	\N
832	2021-11-09 12:51:00	16	LISTEN	233	\N
833	2021-11-09 12:52:00	16	ADD_SONG2LIBRARY	233	\N
834	2021-11-09 12:53:00	16	LISTEN	139	\N
835	2021-11-09 12:54:00	16	LISTEN	302	\N
836	2021-11-09 12:55:00	16	ADD_SONG2LIBRARY	302	\N
837	2021-11-09 12:56:00	16	REMOVE_SONGfromLIBRARY	302	\N
838	2021-11-09 12:57:00	16	LISTEN	162	\N
839	2021-11-09 12:58:00	16	ADD_SONG2LIBRARY	162	\N
840	2021-11-09 12:59:00	16	LISTEN	346	\N
841	2021-11-09 13:00:00	16	LISTEN	61	\N
842	2021-11-09 13:01:00	16	LISTEN	298	\N
843	2021-11-09 13:02:00	16	LISTEN	319	\N
844	2021-11-09 13:03:00	16	ADD_SONG2LIBRARY	319	\N
845	2021-11-09 13:04:00	17	LISTEN	271	\N
846	2021-11-09 13:05:00	17	ADD_SONG2LIBRARY	271	\N
847	2021-11-09 13:06:00	17	REMOVE_SONGfromLIBRARY	271	\N
848	2021-11-09 13:07:00	17	LISTEN	364	\N
849	2021-11-09 13:08:00	17	LISTEN	242	\N
850	2021-11-09 13:09:00	17	ADD_SONG2LIBRARY	242	\N
851	2021-11-09 13:10:00	17	LISTEN	353	\N
852	2021-11-09 13:11:00	17	ADD_SONG2LIBRARY	353	\N
853	2021-11-09 13:12:00	17	LISTEN	355	\N
854	2021-11-09 13:13:00	17	LISTEN	239	\N
855	2021-11-09 13:14:00	17	ADD_SONG2LIBRARY	239	\N
856	2021-11-09 13:15:00	17	LISTEN	338	\N
857	2021-11-09 13:16:00	17	LISTEN	353	\N
858	2021-11-09 13:17:00	17	REMOVE_SONGfromLIBRARY	353	\N
859	2021-11-09 13:18:00	17	LISTEN	209	\N
860	2021-11-09 13:19:00	17	ADD_SONG2LIBRARY	209	\N
861	2021-11-09 13:20:00	17	LISTEN	374	\N
862	2021-11-09 13:21:00	17	ADD_SONG2LIBRARY	374	\N
863	2021-11-09 13:22:00	17	LISTEN	368	\N
864	2021-11-09 13:23:00	17	LISTEN	377	\N
865	2021-11-09 13:24:00	17	LISTEN	115	\N
866	2021-11-09 13:25:00	17	LISTEN	267	\N
867	2021-11-09 13:26:00	17	LISTEN	121	\N
868	2021-11-09 13:27:00	17	ADD_SONG2LIBRARY	121	\N
869	2021-11-09 13:28:00	17	LISTEN	95	\N
870	2021-11-09 13:29:00	17	LISTEN	268	\N
871	2021-11-09 13:30:00	17	ADD_SONG2LIBRARY	268	\N
872	2021-11-09 13:31:00	17	REMOVE_SONGfromLIBRARY	268	\N
873	2021-11-09 13:32:00	17	LISTEN	111	\N
874	2021-11-09 13:33:00	17	ADD_SONG2LIBRARY	111	\N
875	2021-11-09 13:34:00	17	LISTEN	364	\N
876	2021-11-09 13:35:00	17	ADD_SONG2LIBRARY	364	\N
877	2021-11-09 13:36:00	17	LISTEN	248	\N
878	2021-11-09 13:37:00	17	ADD_SONG2LIBRARY	248	\N
879	2021-11-09 13:38:00	17	LISTEN	177	\N
880	2021-11-09 13:39:00	17	ADD_SONG2LIBRARY	177	\N
881	2021-11-09 13:40:00	17	LISTEN	336	\N
882	2021-11-09 13:41:00	17	ADD_SONG2LIBRARY	336	\N
883	2021-11-09 13:42:00	17	LISTEN	209	\N
884	2021-11-09 13:43:00	17	REMOVE_SONGfromLIBRARY	209	\N
885	2021-11-09 13:44:00	17	LISTEN	291	\N
886	2021-11-09 13:45:00	17	LISTEN	364	\N
887	2021-11-09 13:46:00	17	REMOVE_SONGfromLIBRARY	364	\N
888	2021-11-09 13:47:00	17	LISTEN	214	\N
889	2021-11-09 13:48:00	17	LISTEN	198	\N
890	2021-11-09 13:49:00	17	ADD_SONG2LIBRARY	198	\N
891	2021-11-09 13:50:00	17	LISTEN	120	\N
892	2021-11-09 13:51:00	17	ADD_SONG2LIBRARY	120	\N
893	2021-11-09 13:52:00	17	REMOVE_SONGfromLIBRARY	120	\N
894	2021-11-09 13:53:00	17	LISTEN	230	\N
895	2021-11-09 13:54:00	17	LISTEN	176	\N
896	2021-11-09 13:55:00	17	ADD_SONG2LIBRARY	176	\N
897	2021-11-09 13:56:00	18	LISTEN	337	\N
898	2021-11-09 13:57:00	18	LISTEN	272	\N
899	2021-11-09 13:58:00	18	ADD_SONG2LIBRARY	272	\N
900	2021-11-09 13:59:00	18	LISTEN	132	\N
901	2021-11-09 14:00:00	18	LISTEN	60	\N
902	2021-11-09 14:01:00	18	ADD_SONG2LIBRARY	60	\N
903	2021-11-09 14:02:00	18	LISTEN	201	\N
904	2021-11-09 14:03:00	18	LISTEN	300	\N
905	2021-11-09 14:04:00	18	LISTEN	324	\N
906	2021-11-09 14:05:00	18	LISTEN	253	\N
907	2021-11-09 14:06:00	18	ADD_SONG2LIBRARY	253	\N
908	2021-11-09 14:07:00	18	LISTEN	303	\N
909	2021-11-09 14:08:00	18	LISTEN	49	\N
910	2021-11-09 14:09:00	18	ADD_SONG2LIBRARY	49	\N
911	2021-11-09 14:10:00	18	LISTEN	307	\N
912	2021-11-09 14:11:00	18	ADD_SONG2LIBRARY	307	\N
913	2021-11-09 14:12:00	18	LISTEN	145	\N
914	2021-11-09 14:13:00	18	ADD_SONG2LIBRARY	145	\N
915	2021-11-09 14:14:00	18	LISTEN	323	\N
916	2021-11-09 14:15:00	18	ADD_SONG2LIBRARY	323	\N
917	2021-11-09 14:16:00	18	REMOVE_SONGfromLIBRARY	323	\N
918	2021-11-09 14:17:00	18	LISTEN	366	\N
919	2021-11-09 14:18:00	18	LISTEN	150	\N
920	2021-11-09 14:19:00	18	ADD_SONG2LIBRARY	150	\N
921	2021-11-09 14:20:00	18	LISTEN	50	\N
922	2021-11-09 14:21:00	18	LISTEN	59	\N
923	2021-11-09 14:22:00	18	LISTEN	342	\N
924	2021-11-09 14:23:00	18	LISTEN	261	\N
925	2021-11-09 14:24:00	18	ADD_SONG2LIBRARY	261	\N
926	2021-11-09 14:25:00	18	LISTEN	241	\N
927	2021-11-09 14:26:00	18	ADD_SONG2LIBRARY	241	\N
928	2021-11-09 14:27:00	18	LISTEN	354	\N
929	2021-11-09 14:28:00	18	ADD_SONG2LIBRARY	354	\N
930	2021-11-09 14:29:00	18	LISTEN	218	\N
931	2021-11-09 14:30:00	18	ADD_SONG2LIBRARY	218	\N
932	2021-11-09 14:31:00	18	LISTEN	371	\N
933	2021-11-09 14:32:00	18	ADD_SONG2LIBRARY	371	\N
934	2021-11-09 14:33:00	18	LISTEN	286	\N
935	2021-11-09 14:34:00	18	ADD_SONG2LIBRARY	286	\N
936	2021-11-09 14:35:00	18	LISTEN	90	\N
937	2021-11-09 14:36:00	18	LISTEN	252	\N
938	2021-11-09 14:37:00	18	LISTEN	297	\N
939	2021-11-09 14:38:00	18	ADD_SONG2LIBRARY	297	\N
940	2021-11-09 14:39:00	18	LISTEN	228	\N
941	2021-11-09 14:40:00	18	LISTEN	102	\N
942	2021-11-09 14:41:00	18	LISTEN	57	\N
943	2021-11-09 14:42:00	19	LISTEN	65	\N
944	2021-11-09 14:43:00	19	ADD_SONG2LIBRARY	65	\N
945	2021-11-09 14:44:00	19	LISTEN	167	\N
946	2021-11-09 14:45:00	19	ADD_SONG2LIBRARY	167	\N
947	2021-11-09 14:46:00	19	LISTEN	271	\N
948	2021-11-09 14:47:00	19	ADD_SONG2LIBRARY	271	\N
949	2021-11-09 14:48:00	19	LISTEN	350	\N
950	2021-11-09 14:49:00	19	LISTEN	185	\N
951	2021-11-09 14:50:00	19	ADD_SONG2LIBRARY	185	\N
952	2021-11-09 14:51:00	19	LISTEN	307	\N
953	2021-11-09 14:52:00	19	LISTEN	280	\N
954	2021-11-09 14:53:00	19	LISTEN	89	\N
955	2021-11-09 14:54:00	19	ADD_SONG2LIBRARY	89	\N
956	2021-11-09 14:55:00	19	LISTEN	285	\N
957	2021-11-09 14:56:00	19	ADD_SONG2LIBRARY	285	\N
958	2021-11-09 14:57:00	19	LISTEN	78	\N
959	2021-11-09 14:58:00	19	ADD_SONG2LIBRARY	78	\N
960	2021-11-09 14:59:00	19	LISTEN	343	\N
961	2021-11-09 15:00:00	19	ADD_SONG2LIBRARY	343	\N
962	2021-11-09 15:01:00	19	LISTEN	196	\N
963	2021-11-09 15:02:00	19	ADD_SONG2LIBRARY	196	\N
964	2021-11-09 15:03:00	19	REMOVE_SONGfromLIBRARY	196	\N
965	2021-11-09 15:04:00	19	LISTEN	119	\N
966	2021-11-09 15:05:00	19	ADD_SONG2LIBRARY	119	\N
967	2021-11-09 15:06:00	19	LISTEN	176	\N
968	2021-11-09 15:07:00	19	ADD_SONG2LIBRARY	176	\N
969	2021-11-09 15:08:00	19	LISTEN	130	\N
970	2021-11-09 15:09:00	19	ADD_SONG2LIBRARY	130	\N
971	2021-11-09 15:10:00	19	LISTEN	183	\N
972	2021-11-09 15:11:00	19	ADD_SONG2LIBRARY	183	\N
973	2021-11-09 15:12:00	19	LISTEN	16	\N
974	2021-11-09 15:13:00	19	ADD_SONG2LIBRARY	16	\N
975	2021-11-09 15:14:00	19	LISTEN	234	\N
976	2021-11-09 15:15:00	19	LISTEN	281	\N
977	2021-11-09 15:16:00	19	ADD_SONG2LIBRARY	281	\N
978	2021-11-09 15:17:00	19	LISTEN	277	\N
979	2021-11-09 15:18:00	19	ADD_SONG2LIBRARY	277	\N
980	2021-11-09 15:19:00	19	LISTEN	136	\N
981	2021-11-09 15:20:00	19	ADD_SONG2LIBRARY	136	\N
982	2021-11-09 15:21:00	19	LISTEN	24	\N
983	2021-11-09 15:22:00	19	LISTEN	240	\N
984	2021-11-09 15:23:00	19	ADD_SONG2LIBRARY	240	\N
985	2021-11-09 15:24:00	19	LISTEN	144	\N
986	2021-11-09 15:25:00	19	ADD_SONG2LIBRARY	144	\N
987	2021-11-09 15:26:00	19	REMOVE_SONGfromLIBRARY	144	\N
988	2021-11-09 15:27:00	19	LISTEN	188	\N
989	2021-11-09 15:28:00	19	ADD_SONG2LIBRARY	188	\N
990	2021-11-09 15:29:00	19	LISTEN	269	\N
991	2021-11-09 15:30:00	19	LISTEN	98	\N
992	2021-11-09 15:31:00	19	ADD_SONG2LIBRARY	98	\N
993	2021-11-09 15:32:00	19	LISTEN	84	\N
994	2021-11-09 15:33:00	19	LISTEN	288	\N
995	2021-11-09 15:34:00	19	LISTEN	125	\N
996	2021-11-09 15:35:00	19	ADD_SONG2LIBRARY	125	\N
997	2021-11-09 15:36:00	20	LISTEN	59	\N
998	2021-11-09 15:37:00	20	ADD_SONG2LIBRARY	59	\N
999	2021-11-09 15:38:00	20	LISTEN	203	\N
1000	2021-11-09 15:39:00	20	ADD_SONG2LIBRARY	203	\N
1001	2021-11-09 15:40:00	20	REMOVE_SONGfromLIBRARY	203	\N
1002	2021-11-09 15:41:00	20	LISTEN	315	\N
1003	2021-11-09 15:42:00	20	ADD_SONG2LIBRARY	315	\N
1004	2021-11-09 15:43:00	20	LISTEN	278	\N
1005	2021-11-09 15:44:00	20	LISTEN	367	\N
1006	2021-11-09 15:45:00	20	ADD_SONG2LIBRARY	367	\N
1007	2021-11-09 15:46:00	20	LISTEN	74	\N
1008	2021-11-09 15:47:00	20	LISTEN	361	\N
1009	2021-11-09 15:48:00	20	ADD_SONG2LIBRARY	361	\N
1010	2021-11-09 15:49:00	20	REMOVE_SONGfromLIBRARY	361	\N
1011	2021-11-09 15:50:00	20	LISTEN	96	\N
1012	2021-11-09 15:51:00	20	ADD_SONG2LIBRARY	96	\N
1013	2021-11-09 15:52:00	20	LISTEN	204	\N
1014	2021-11-09 15:53:00	20	LISTEN	5	\N
1015	2021-11-09 15:54:00	20	ADD_SONG2LIBRARY	5	\N
1016	2021-11-09 15:55:00	20	LISTEN	76	\N
1017	2021-11-09 15:56:00	20	LISTEN	200	\N
1018	2021-11-09 15:57:00	20	ADD_SONG2LIBRARY	200	\N
1019	2021-11-09 15:58:00	20	LISTEN	334	\N
1020	2021-11-09 15:59:00	20	ADD_SONG2LIBRARY	334	\N
1021	2021-11-09 16:00:00	20	LISTEN	131	\N
1022	2021-11-09 16:01:00	20	ADD_SONG2LIBRARY	131	\N
1023	2021-11-09 16:02:00	20	LISTEN	47	\N
1024	2021-11-09 16:03:00	20	LISTEN	232	\N
1025	2021-11-09 16:04:00	20	ADD_SONG2LIBRARY	232	\N
1026	2021-11-09 16:05:00	20	LISTEN	183	\N
1027	2021-11-09 16:06:00	20	ADD_SONG2LIBRARY	183	\N
1028	2021-11-09 16:07:00	20	LISTEN	342	\N
1029	2021-11-09 16:08:00	20	LISTEN	296	\N
1030	2021-11-09 16:09:00	20	ADD_SONG2LIBRARY	296	\N
1031	2021-11-09 16:10:00	20	LISTEN	19	\N
1032	2021-11-09 16:11:00	20	ADD_SONG2LIBRARY	19	\N
1033	2021-11-09 16:12:00	20	REMOVE_SONGfromLIBRARY	19	\N
1034	2021-11-09 16:13:00	20	LISTEN	5	\N
1035	2021-11-09 16:14:00	20	REMOVE_SONGfromLIBRARY	5	\N
1036	2021-11-09 16:15:00	20	LISTEN	40	\N
1037	2021-11-09 16:16:00	20	LISTEN	254	\N
1038	2021-11-09 16:17:00	20	LISTEN	251	\N
1039	2021-11-09 16:18:00	20	LISTEN	375	\N
1040	2021-11-09 16:19:00	20	ADD_SONG2LIBRARY	375	\N
1041	2021-11-09 16:20:00	20	LISTEN	46	\N
1042	2021-11-09 16:21:00	20	LISTEN	83	\N
1043	2021-11-09 16:22:00	20	LISTEN	69	\N
1044	2021-11-09 16:23:00	20	ADD_SONG2LIBRARY	69	\N
1045	2021-11-09 16:24:00	20	LISTEN	169	\N
1046	2021-11-09 16:25:00	20	ADD_SONG2LIBRARY	169	\N
1047	2021-11-09 16:26:00	20	LISTEN	5	\N
1048	2021-11-09 16:27:00	20	ADD_SONG2LIBRARY	5	\N
1049	2021-11-10 00:00:00	13	LISTEN	326	\N
1050	2021-11-10 00:01:00	13	ADD_SONG2LIBRARY	326	\N
1051	2021-11-10 00:02:00	13	LISTEN	305	\N
1052	2021-11-10 00:03:00	13	ADD_SONG2LIBRARY	305	\N
1053	2021-11-10 00:04:00	13	LISTEN	20	\N
1054	2021-11-10 00:05:00	13	ADD_SONG2LIBRARY	20	\N
1055	2021-11-10 00:06:00	13	LISTEN	148	\N
1056	2021-11-10 00:07:00	13	LISTEN	9	\N
1057	2021-11-10 00:08:00	13	ADD_SONG2LIBRARY	9	\N
1058	2021-11-10 00:09:00	13	REMOVE_SONGfromLIBRARY	9	\N
1059	2021-11-10 00:10:00	13	LISTEN	42	\N
1060	2021-11-10 00:11:00	13	LISTEN	79	\N
1061	2021-11-10 00:12:00	13	ADD_SONG2LIBRARY	79	\N
1062	2021-11-10 00:13:00	13	LISTEN	345	\N
1063	2021-11-10 00:14:00	13	LISTEN	359	\N
1064	2021-11-10 00:15:00	13	LISTEN	279	\N
1065	2021-11-10 00:16:00	13	ADD_SONG2LIBRARY	279	\N
1066	2021-11-11 00:00:00	13	LISTEN	142	\N
1067	2021-11-11 00:01:00	13	ADD_SONG2LIBRARY	142	\N
1068	2021-11-11 00:02:00	13	LISTEN	194	\N
1069	2021-11-11 00:03:00	13	LISTEN	333	\N
1070	2021-11-11 00:04:00	13	ADD_SONG2LIBRARY	333	\N
1071	2021-11-11 00:05:00	13	LISTEN	270	\N
1072	2021-11-11 00:06:00	13	LISTEN	162	\N
1073	2021-11-11 00:07:00	13	ADD_SONG2LIBRARY	162	\N
1074	2021-12-11 09:06:30	7	MAKE_PLAYLIST_PRIVATE	\N	2
1075	2021-12-11 09:06:35	9	MAKE_PLAYLIST_PUBLIC	\N	7
1076	2021-12-11 00:07:02	1	ADD_PLAYLIST	\N	7
1077	2021-12-11 00:07:03	2	ADD_PLAYLIST	\N	7
1078	2021-12-11 00:07:04	3	ADD_PLAYLIST	\N	7
1079	2021-12-11 00:07:05	4	ADD_PLAYLIST	\N	7
1080	2021-12-11 00:07:06	10	ADD_PLAYLIST	\N	7
1081	2021-12-11 00:07:07	12	ADD_PLAYLIST	\N	7
1082	2021-12-11 00:07:08	15	ADD_PLAYLIST	\N	7
1083	2021-12-11 00:07:09	16	ADD_PLAYLIST	\N	7
1084	2021-12-11 00:07:10	19	ADD_PLAYLIST	\N	7
1085	2021-12-11 00:07:12	12	REMOVE_PLAYLIST	\N	7
1086	2021-12-11 00:07:14	15	REMOVE_PLAYLIST	\N	7
1087	2021-12-11 00:08:02	1	ADD_PLAYLIST	\N	1
1088	2021-12-11 00:08:03	2	ADD_PLAYLIST	\N	1
1089	2021-12-11 00:08:04	3	ADD_PLAYLIST	\N	1
1090	2021-12-11 00:08:05	4	ADD_PLAYLIST	\N	1
1091	2021-12-11 00:08:06	10	ADD_PLAYLIST	\N	1
1092	2021-12-11 00:08:07	12	ADD_PLAYLIST	\N	1
1093	2021-12-11 00:08:08	15	ADD_PLAYLIST	\N	1
1094	2021-12-11 00:08:09	16	ADD_PLAYLIST	\N	1
1095	2021-12-11 00:08:10	19	ADD_PLAYLIST	\N	1
1097	2021-12-11 00:08:13	8	ADD_PLAYLIST	\N	1
1098	2021-12-11 00:08:14	20	ADD_PLAYLIST	\N	1
1099	2021-12-11 00:08:15	12	REMOVE_PLAYLIST	\N	1
1100	2021-12-11 00:08:17	15	REMOVE_PLAYLIST	\N	1
1102	2021-12-11 00:08:20	8	REMOVE_PLAYLIST	\N	1
1103	2021-12-11 00:09:02	1	ADD_PLAYLIST	\N	3
1104	2021-12-11 00:09:03	2	ADD_PLAYLIST	\N	3
1105	2021-12-11 00:09:04	3	ADD_PLAYLIST	\N	3
1106	2021-12-11 00:09:05	4	ADD_PLAYLIST	\N	3
\.


--
-- TOC entry 3400 (class 0 OID 16922)
-- Dependencies: 211
-- Data for Name: albums; Type: TABLE DATA; Schema: public; Owner: postgres
--

COPY public.albums (album_id, name, artist_id, type, year, date) FROM stdin;
11	Daydream Forever	20	ALBUM	2014	2021-10-05 18:00:00
12	Broken Home Sessions (Acoustic EP)	5	EP	2015	2021-10-05 18:00:00
13	The Afterglow / Aquamarine	4	EP	2018	2021-10-05 18:00:00
15	Divenire	12	ALBUM	2006	2021-10-05 18:00:00
16	Asking Alexandria	16	ALBUM	2017	2021-11-03 00:00:00
17	The Black	16	ALBUM	2016	2021-11-03 00:00:00
18	From Death To Destiny	16	ALBUM	2013	2021-11-03 00:00:00
19	Stepped Up And Scratched	16	ALBUM	2011	2021-11-03 00:00:00
20	Reckless And Relentless	16	ALBUM	2011	2021-11-03 00:00:00
21	Stand Up And Scream	16	ALBUM	2009	2021-11-03 00:00:00
22	Alone In A Room (Acoustic Version)	16	SINGLE	2018	2021-11-03 00:00:00
24	Into The Fire (Acoustic Version)	16	SINGLE	2017	2021-11-03 00:00:00
25	Where Did It Go?	16	SINGLE	2017	2021-11-03 00:00:00
26	Into The Fire	16	SINGLE	2021	2021-11-03 00:00:00
27	Moving On	16	SINGLE	2014	2021-11-03 00:00:00
28	The Death of Me	16	SINGLE	2013	2021-11-03 00:00:00
29	Run Free	16	SINGLE	2012	2021-11-03 00:00:00
30	Life Gone Wild EP	16	EP	2010	2021-11-03 00:00:00
31	Disease	19	ALBUM	2021	2021-11-03 00:00:00
32	Aggressive (Deluxe Edition)	19	ALBUM	2017	2021-11-03 00:00:00
33	Live from Download Festival Paris 2016	19	ALBUM	2016	2021-11-03 00:00:00
34	Aggressive (Album Commentary)	19	ALBUM	2016	2021-11-03 00:00:00
35	Aggressive	19	ALBUM	2016	2021-11-03 00:00:00
36	Disgusting (Deluxe Edition)	19	ALBUM	2015	2021-11-03 00:00:00
37	Disgusting	19	ALBUM	2014	2021-11-03 00:00:00
38	Always Dead	19	SINGLE	2019	2021-11-03 00:00:00
39	Beaten in Lips	19	SINGLE	2014	2021-11-03 00:00:00
40	Sick	19	EP	2013	2021-11-03 00:00:00
41	131	7	ALBUM	2016	2021-11-03 00:00:00
42	Versus	7	ALBUM	2014	2021-11-03 00:00:00
43	Emarosa	7	ALBUM	2010	2021-11-03 00:00:00
44	Relativity	7	ALBUM	2008	2021-11-03 00:00:00
45	This Is Your Way Out	7	ALBUM	2007	2021-11-03 00:00:00
46	131 Reimagined	7	EP	2017	2021-11-03 00:00:00
47	Helpless	7	SINGLE	2017	2021-11-03 00:00:00
48	Miracle	7	SINGLE	2020	2021-11-03 00:00:00
49	Cloud 9	7	SINGLE	2016	2021-11-03 00:00:00
50	Versus Reimagined	7	EP	2015	2021-11-03 00:00:00
51	Mad	7	SINGLE	2014	2021-11-03 00:00:00
52	Sacred Hearts Club	17	ALBUM	2017	2021-11-03 00:00:00
53	Supermodel	17	ALBUM	2014	2021-11-03 00:00:00
54	Torches	17	ALBUM	2011	2021-11-03 00:00:00
56	Ride Or Die (feat. Foster The People) [Modern Machines Remix]	17	SINGLE	2018	2021-11-03 00:00:00
57	Ride Or Die (feat. Foster The People) [Dave Edwards Remix]	17	SINGLE	2018	2021-11-03 00:00:00
58	Ride Or Die (feat. Foster The People) [Vicetone Remix]	17	SINGLE	2018	2021-11-03 00:00:00
59	Ride Or Die (feat. Foster The People) [Sir Sly Remix]	17	SINGLE	2018	2021-11-03 00:00:00
60	Ride Or Die (feat. Foster The People) [Big Gigantic Remix]	17	SINGLE	2018	2021-11-03 00:00:00
61	Ride Or Die (feat. Foster The People) [Remixes]	17	SINGLE	2018	2021-11-03 00:00:00
62	Ride Or Die (feat. Foster The People) [Purple Disco Machine Remix]	17	SINGLE	2018	2021-11-03 00:00:00
63	Ride Or Die (feat. Foster The People)	17	SINGLE	2018	2021-11-03 00:00:00
64	Sit Next to Me (Stereotypes Remix)	17	SINGLE	2018	2021-11-03 00:00:00
65	Pay the Man (Remix)	17	SINGLE	2017	2021-11-03 00:00:00
66	Sit Next to Me (Versions)	17	SINGLE	2017	2021-11-03 00:00:00
67	Spotify Sessions - Live From The Village	17	EP	2014	2021-11-03 00:00:00
68	Nevermind (alternate version)	17	SINGLE	2014	2021-11-03 00:00:00
69	Best Friend	17	SINGLE	2014	2021-11-03 00:00:00
70	Pseudologia Fantastica	17	SINGLE	2014	2021-11-03 00:00:00
71	Coming of Age	17	SINGLE	2014	2021-11-03 00:00:00
72	Don't Stop (Color on the Walls) (Remixes) - EP	17	EP	2012	2021-11-03 00:00:00
73	Call It What You Want	17	EP	2011	2021-11-03 00:00:00
74	Ruby	17	SINGLE	2011	2021-11-03 00:00:00
75	How To Be A Human Being	13	ALBUM	2016	2021-11-03 00:00:00
76	ZABA (Deluxe)	13	ALBUM	2014	2021-11-03 00:00:00
77	ZABA	13	ALBUM	2014	2021-11-03 00:00:00
78	Agnes (Radio Edit)	13	SINGLE	2017	2021-11-03 00:00:00
79	Pork Soda (Radio Edit)	13	SINGLE	2017	2021-11-03 00:00:00
80	Spotify Live	13	EP	2017	2021-11-03 00:00:00
81	Season 2 Episode 3 (Photay Remix)	13	SINGLE	2016	2021-11-03 00:00:00
82	Life Itself (Roosevelt Remix)	13	SINGLE	2016	2021-11-03 00:00:00
83	Lose Control	13	SINGLE	2015	2021-11-03 00:00:00
84	Gooey	13	EP	2014	2021-11-03 00:00:00
85	Pools	13	SINGLE	2014	2021-11-03 00:00:00
86	Spotify Sessions (Live From Spotify SXSW)	13	EP	2014	2021-11-03 00:00:00
87	Glass Animals	13	EP	2013	2021-11-03 00:00:00
1	Addicted to You	11	SINGLE	2013	2021-10-05 18:00:00
2	All At Once	8	ALBUM	2011	2021-10-05 18:00:00
3	Southern Gothic	9	ALBUM	2010	2021-10-05 18:00:00
4	Whenever You Need Somebody	18	ALBUM	1987	2021-10-05 18:00:00
5	The Time Is Now	1	SINGLE	2018	2021-10-05 18:00:00
6	Lifelines	6	ALBUM	2016	2021-10-05 18:00:00
7	Bon Jovi	3	ALBUM	1984	2021-10-05 18:00:00
8	Beethoven: The Piano Sonatas, Volume V	10	ALBUM	1802	2021-10-05 18:00:00
9	Mozart: Piano Concertos, Vol. 6	21	ALBUM	1995	2021-10-05 18:00:00
10	Los Angeles	2	ALBUM	1980	2021-10-05 18:00:00
88	Black Mambo / Exxus	13	EP	2013	2021-11-03 00:00:00
89	Leaflings	13	EP	2012	2021-11-03 00:00:00
91	Inguz - Gold Edition	15	ALBUM	2018	2021-11-03 00:00:00
92	Inguz	15	ALBUM	2016	2021-11-03 00:00:00
93	The Bell	15	SINGLE	2018	2021-11-03 00:00:00
55	Worst Nites	17	SINGLE	2019	2021-11-10 00:00:00
14	Never Sleep	14	SINGLE	2018	2021-11-11 00:00:00
94	Enough	15	SINGLE	2018	2021-11-03 00:00:00
95	Ecstasy	15	SINGLE	2020	2021-11-03 00:00:00
96	Pay for This	15	SINGLE	2017	2021-11-03 00:00:00
97	Ghost	15	SINGLE	2019	2021-11-03 00:00:00
98	Black Blood	15	SINGLE	2015	2021-11-03 00:00:00
99	Chandelier	15	SINGLE	2015	2021-11-03 00:00:00
100	Gone	15	SINGLE	2015	2021-11-03 00:00:00
101	Vultures (Acoustic)	15	SINGLE	2014	2021-11-03 00:00:00
102	Vultures	15	SINGLE	2014	2021-11-03 00:00:00
103	Normandie	15	EP	2013	2021-11-03 00:00:00
90	White Flag	15	ALBUM	2018	2021-11-10 00:00:00
23	Someone, Somewhere (Acoustic Version)	16	SINGLE	2018	2021-11-09 00:00:00
\.


--
-- TOC entry 3402 (class 0 OID 16929)
-- Dependencies: 213
-- Data for Name: albums_songs; Type: TABLE DATA; Schema: public; Owner: postgres
--

COPY public.albums_songs (album_id, song_id, track_number) FROM stdin;
1	1	1
2	2	3
3	3	2
4	4	1
5	5	1
6	6	1
7	7	1
8	8	6
9	9	2
10	10	6
11	11	3
12	12	1
12	13	2
12	14	3
13	15	1
13	16	2
13	17	3
13	18	4
14	19	1
15	20	9
16	21	1
16	22	2
16	23	3
16	24	4
16	25	5
16	26	6
16	27	7
16	28	8
16	29	9
16	30	10
16	31	11
16	32	12
16	33	13
17	34	1
17	35	2
17	36	3
17	37	4
17	38	5
17	39	6
17	40	7
17	41	8
17	42	9
17	43	10
17	44	11
17	45	12
18	46	1
18	47	2
18	48	3
18	49	4
18	50	5
18	51	6
18	52	7
18	53	8
18	54	9
18	55	10
18	56	11
18	57	12
18	58	13
19	59	1
19	60	2
19	61	3
19	62	4
19	63	5
19	64	6
19	65	7
19	66	8
19	67	9
19	68	10
19	69	11
19	70	12
19	71	13
19	72	14
19	73	15
19	74	16
20	75	1
20	76	2
20	77	3
20	78	4
20	79	5
20	80	6
20	81	7
20	82	8
20	83	9
20	84	10
20	85	11
20	86	12
21	87	1
21	88	2
21	89	3
21	90	4
21	91	5
21	92	6
21	93	7
21	94	8
21	95	9
21	96	10
21	97	11
21	98	12
21	99	13
22	100	1
22	21	2
23	101	1
24	102	1
25	24	1
26	22	1
26	33	2
27	55	1
27	103	2
28	104	1
28	105	2
29	49	1
30	106	1
30	107	2
30	108	3
30	109	4
30	110	5
30	82	6
31	111	1
31	112	2
31	113	3
31	114	4
31	115	5
31	116	6
31	117	7
31	118	8
31	52	9
31	119	10
31	120	11
31	121	12
32	122	1
32	123	2
32	124	3
32	125	4
32	126	5
32	127	6
32	128	7
32	129	8
32	130	9
32	131	10
32	132	11
32	133	12
32	134	13
32	135	14
32	136	15
32	137	16
32	138	17
32	139	18
33	140	1
33	141	2
33	142	3
33	143	4
33	144	5
33	145	6
33	146	7
33	147	8
34	148	1
34	149	2
34	150	3
34	151	4
34	152	5
34	153	6
34	154	7
34	155	8
34	156	9
34	157	10
34	158	11
34	159	12
35	122	1
35	123	2
35	124	3
35	125	4
35	126	5
35	127	6
35	128	7
35	129	8
35	130	9
35	131	10
35	132	11
35	133	12
36	160	1
36	161	2
36	162	3
36	163	4
36	164	5
36	165	6
36	166	7
36	167	8
36	168	9
36	169	10
36	170	11
36	171	12
36	172	13
36	173	14
36	174	15
36	175	16
37	160	1
37	161	2
37	162	3
37	163	4
37	164	5
37	165	6
37	166	7
37	167	8
37	176	9
37	169	10
37	170	11
37	171	12
38	129	1
39	161	1
40	166	1
40	177	2
40	178	3
40	179	4
41	180	1
41	181	2
41	182	3
41	183	4
41	184	5
41	185	6
41	186	7
41	187	8
41	188	9
41	189	10
41	190	11
42	191	1
42	192	2
42	193	3
42	194	4
42	195	5
42	196	6
42	197	7
42	198	8
42	199	9
42	200	10
42	201	11
43	202	1
43	203	2
43	204	3
43	205	4
43	206	5
43	207	6
43	208	7
43	209	8
43	210	9
43	211	10
44	212	1
44	213	2
44	214	3
44	215	4
44	216	5
44	217	6
44	218	7
44	219	8
44	220	9
44	221	10
44	222	11
44	223	12
45	224	1
45	225	2
45	226	3
45	227	4
45	228	5
45	229	6
45	230	7
46	181	1
46	185	2
46	183	3
46	189	4
47	185	1
48	183	1
49	184	1
50	196	1
50	198	2
50	199	3
50	194	4
51	198	1
52	231	1
52	232	2
52	233	3
52	234	4
52	235	5
52	236	6
52	237	7
52	238	8
52	239	9
52	240	10
52	241	11
52	242	12
53	243	1
53	244	2
53	245	3
53	246	4
53	247	5
53	248	6
53	249	7
53	250	8
53	251	9
53	252	10
53	253	11
54	254	1
54	255	2
54	256	3
54	257	4
54	258	5
54	259	6
54	260	7
54	261	8
54	262	9
54	263	10
55	264	1
56	265	1
57	266	1
58	267	1
59	268	1
60	269	1
61	270	1
61	271	2
62	270	1
63	272	1
64	273	1
65	274	1
66	275	1
66	276	2
66	277	3
67	278	1
67	279	2
67	280	3
67	281	4
67	282	5
68	283	1
69	249	1
70	247	1
71	245	1
72	257	1
72	284	2
72	285	3
72	286	4
73	287	1
73	288	2
73	289	3
73	290	4
73	291	5
73	292	6
74	293	1
75	294	1
75	295	2
75	296	3
75	297	4
75	298	5
75	299	6
75	300	7
75	301	8
75	302	9
75	303	10
75	304	11
76	305	1
76	306	2
76	307	3
76	308	4
76	309	5
76	310	6
76	311	7
76	312	8
76	313	9
76	314	10
76	315	11
76	316	12
76	317	13
76	318	14
76	319	15
77	305	1
77	306	2
77	307	3
77	308	4
77	309	5
77	310	6
77	311	7
77	312	8
77	313	9
77	314	10
77	315	11
78	320	1
79	321	1
80	322	1
80	323	2
80	324	3
80	325	4
80	326	5
81	327	1
82	328	1
83	329	1
84	308	1
84	330	2
84	331	3
84	332	4
84	333	5
85	307	1
86	334	1
86	335	2
86	336	3
86	337	4
86	338	5
87	339	1
87	306	2
87	340	3
87	341	4
88	306	1
88	340	2
88	342	3
88	343	4
89	344	1
89	314	2
89	345	3
89	346	4
90	347	1
90	348	2
90	349	3
90	170	4
90	350	5
90	351	6
90	352	7
90	353	8
90	354	9
90	355	10
90	356	11
90	357	12
91	358	1
91	359	2
91	360	3
91	52	4
91	361	5
91	362	6
91	363	7
91	364	8
91	365	9
91	366	10
91	367	11
91	368	12
91	369	13
91	370	14
91	371	15
91	372	16
92	358	1
92	359	2
92	360	3
92	52	4
92	361	5
92	362	6
92	363	7
92	364	8
92	365	9
92	366	10
93	351	1
94	349	1
95	347	1
96	367	1
97	368	1
98	373	1
99	374	1
100	43	1
101	375	1
102	28	1
103	376	1
103	377	2
103	378	3
103	379	4
\.


--
-- TOC entry 3410 (class 0 OID 17047)
-- Dependencies: 221
-- Data for Name: artists; Type: TABLE DATA; Schema: public; Owner: postgres
--

COPY public.artists (artist_id, name, description) FROM stdin;
1	Atreyu on Spotify	\N
2	X	\N
3	Bon Jovi	\N
4	Silverstein 	\N
5	Broken Home Sessions (Acoustic EP)	\N
6	I Prevail	\N
7	Emarosa	\N
8	The Airborne Toxic Event	\N
9	The Constellations	\N
10	Ludwig van Beethoven	\N
11	Scorpio Loon	\N
12	Ludovico Einaudi	\N
13	Glass Animals	\N
14	Saviour	\N
15	Normandie	\N
16	Asking Alexandria	\N
17	Foster The People	\N
18	Rick Astley	\N
19	Beartooth	\N
20	The Chain Gang Of 1974	\N
21	Wolfgang Amadeus Mozart	\N
\.


--
-- TOC entry 3403 (class 0 OID 16939)
-- Dependencies: 214
-- Data for Name: playlists; Type: TABLE DATA; Schema: public; Owner: postgres
--

COPY public.playlists (playlist_id, name, description) FROM stdin;
1	Rock Hard	\N
2	Rock 80s	Rock songs from 80s
3	Suits-OST	Original Soundtrack from Suits
4	Rickrolling	\N
5	Classical	\N
6	GTA-Soundtracks	\N
7	Acoustic	\N
8	Piano	\N
9	Favorite	\N
\.


--
-- TOC entry 3405 (class 0 OID 16947)
-- Dependencies: 216
-- Data for Name: songs; Type: TABLE DATA; Schema: public; Owner: postgres
--

COPY public.songs (song_id, title, explicit, duration) FROM stdin;
1	Addicted to You	f	195
2	Changing	f	200
3	Perfect Day	f	264
4	Never Gonna Give You Up	f	213
5	The Time Is Now	f	200
6	Scars	f	230
7	Runaway	f	231
8	Piano Sonata No. 17 In D Minor, Op. 31, No. 2 -"The Tempest": 3. Allegretto - Live	f	457
9	Piano Concerto No. 21 in C Major, K. 467 "Elvira Madigan": II. Andante	f	434
10	Los Angeles	f	145
11	Sleepwalking	f	218
12	Speak Softly (Acoustic)	f	204
13	Just Exist (Acoustic)	f	226
14	One of Us (Acoustic)	f	228
15	The Afterglow - Acoustic	f	200
16	Aquamarine - Acoustic	f	233
17	The Afterglow	f	189
18	Aquamarine	f	224
19	Never Sleep	t	286
20	Fly	f	281
21	Alone In A Room	t	245
22	Into The Fire	t	237
23	Hopelessly Hopeful	f	193
24	Where Did It Go?	t	193
25	Rise Up	f	187
26	When The Lights Come On	f	203
27	Under Denver	f	245
28	Vultures	f	208
29	Eve	t	238
30	I Am One	t	212
31	Empire (feat. Bingx)	t	256
32	Room 138	f	224
33	Into The Fire (Radio Edit)	f	210
34	Let It Sleep	t	240
35	The Black	t	281
36	I Won't Give In	f	229
37	Sometimes It Ends	t	285
38	The Lost Souls	t	245
39	Just A Slave To Rock n' Roll	t	205
40	Send Me Home	f	258
41	We'll Be OK	t	237
42	Here I Am	f	259
43	Gone	f	197
44	Undivided	t	215
45	Circled By The Wolves	t	209
46	Don't Pray For Me	t	280
47	Killing You	t	191
48	The Death Of Me	f	258
49	Run Free	f	250
50	Break Down The Walls	f	211
51	Poison	t	226
52	Believe	f	271
53	Creature	f	194
54	White Line Fever	t	223
55	Moving On	f	242
56	The Road	f	206
57	Until The End - feat. Howard Jones	f	270
58	The Death Of Me - Rock Mix	f	204
59	A Single Moment Of Sincerity - KC Blitz Remix	f	273
60	Another Bottle Down - Tomba Remix	f	249
61	Reckless And Relentless - Document One Remix	f	318
62	I Was Once, Possibly, Maybe, Perhaps A Cowboy King - Robotsonic Remix	f	331
63	To The Stage - Bare Remix	f	209
64	A Lesson Never Learned - Celldweller Remix	f	225
65	Final Episode (Let's Change The Channel) - Borgore Remix	f	252
66	A Candlelit Dinner With Inamorta - Run DMT Remix	f	254
67	If You Can't Ride Two Horses At Once...You Should Get Out Of The Circus - Noah D Remix	f	233
68	I Used To Have A Best Friend (But Then He Gave Me An STD) - Big Chocolate Remix	f	285
69	Dear Insanity - Revaleso Remix	f	278
70	Not The American Average - J. Rabbit Remix	f	295
71	Morte et Dabo - Sol Invicto Remix	f	325
72	Closure - Mecha Remix	f	250
73	A Prophecy - Big Chocolate	f	267
74	A Lesson Never Learned - Sol Invicto Remix	f	281
75	Welcome	f	109
76	Dear Insanity	f	189
77	Closure	f	238
78	A Lesson Never Learned	t	234
79	To The Stage	t	210
80	Dedication	t	63
81	Someone, Somewhere	t	216
82	Breathless	f	249
83	The Match	f	255
84	Another Bottle Down	f	214
85	Reckless & Relentless	f	248
86	Morte et Dabo	t	314
87	Alerion	t	134
88	The Final Episode (Let's Change Channel)	t	242
89	A Candlelit Dinner With Inamorta	f	243
90	Nobody Don't Dance No More	f	239
91	Hey There Mr. Brooks	t	249
92	Hiatus	f	105
93	If You Can't Ride Two Horses At Once...You Should Get Out Of The Circus	f	225
94	A Single Moment Of Sincerity	t	230
95	Not The American Average	t	279
96	I Used To Have A Best Friend [But Then He Gave Me An STD]	t	245
97	A Prophecy	t	213
98	I Was Once, Possibly, Maybe, Perhaps A Cowboy King	t	221
99	When Everyday's The Weekend	t	263
100	Alone In A Room - Acoustic Version	f	265
101	Someone, Somewhere - Acoustic Version	f	216
102	Into The Fire - Acoustic Version	f	208
103	Moving On - Acoustic	f	243
104	The Death of Me	f	259
105	The Death of Me - Rock Mix	f	204
106	Youth Gone Wild - Skid Row cover	f	197
107	18 And Life - Skid Row cover	f	228
108	A Single Moment Of Sincerity - Bare Re-mix	f	226
109	Not The American Average - Voorny Re-mix	f	261
110	I Was Once, Possibly, Maybe , Perhaps A Cowboy King - Demo	f	241
111	Greatness or Death	f	202
112	Disease	f	228
113	Fire	f	206
114	You Never Know	f	183
115	Bad Listener	f	208
116	Afterall	f	200
117	Manipulation	f	202
118	Enemy	f	200
119	Infection	f	203
120	Used and Abused	f	211
121	Clever	f	221
122	Aggressive	f	248
123	Hated	f	211
124	Loser	f	239
125	Fair Weather Friend	f	204
126	Burnout	f	184
127	Sick of Me	f	195
128	Censored	f	216
129	Always Dead	f	138
130	However You Want It Said	f	197
131	Find a Way	f	208
132	Rock Is Dead	f	224
133	King of Anything	f	131
134	Hated (Acoustic Version)	f	171
135	Sick of Me (Acoustic Version)	f	187
136	Aggressive (Live from BBC Maida Vale)	f	243
137	Rock Is Dead (Live from BBC Maida Vale)	f	246
138	Fair Weather Friend (Live in Columbus)	f	219
139	King of Anything (Live in Columbus)	f	251
140	The Lines (Live from Download Paris)	f	336
141	Aggressive (Live from Download Paris)	f	291
142	Hated (Live from Download Paris)	f	259
143	Beaten in Lips (Live from Download Paris)	f	244
144	Loser (Live from Download Paris)	f	248
145	Always Dead (Live from Download Paris)	f	186
146	In Between (Live from Download Paris)	f	251
147	Body Bag (Live from Download Paris)	f	284
148	Aggressive (Commentary)	f	78
149	Hated (Commentary)	f	62
150	Loser (Commentary)	f	54
151	Fair Weather Friend (Commentary)	f	93
152	Burnout (Commentary)	f	42
153	Sick of Me (Commentary)	f	64
154	Censored (Commentary)	f	55
155	Always Dead (Commentary)	f	30
156	However You Want It Said (Commentary)	f	39
157	Find a Way (Commentary)	f	56
158	Rock Is Dead (Commentary)	f	39
159	King of Anything (Commentary)	f	107
160	The Lines	f	227
161	Beaten in Lips	f	212
162	Body Bag	f	229
163	In Between	f	213
164	Relapsing	f	235
165	Ignorance Is Bliss	f	196
166	I Have a Problem	f	240
167	One More	f	217
168	Me In My Own Head	f	206
169	Keep Your American Dream	f	210
170	Dead	f	135
171	Sick and Disgusting	f	225
172	Finish Line	f	181
173	Give It Up	f	270
174	Blitzkrieg Bop - Live	f	141
175	The Lines (Low Gain Mix)	f	181
176	Me in My Own Head	f	206
177	Go Be the Voice	f	243
178	Pick Your Poison	f	228
179	Set Me on Fire	f	210
180	Hurt	f	172
181	One Car Garage	f	203
182	Sure	f	234
183	Miracle	f	227
184	Cloud 9	f	215
185	Helpless	f	204
186	Porcelain	f	270
187	Never	f	162
188	Young Lonely	f	197
189	Blue	f	163
190	Re	f	329
191	People Like Me, We Just Don't Play	f	206
192	American Deja Vu	f	222
193	A Hundred Crowns	f	206
194	I'll Just Wait	f	210
195	But You Won't Love a Ghost	f	235
196	Say Hello to the Bad Guy	f	228
197	Cliff Notes	f	225
198	Mad	f	196
199	Gold Dust	f	215
200	Same Tight Rope	f	239
201	1996 on Bevard	f	228
202	A Toast to the future kids!	f	228
203	Pretend.Relive.Regret	f	249
204	Share the sunshine young blood	f	180
205	Truth hurts while laying on your back	f	220
206	Live IT. Love IT, Lust IT	f	232
207	The game played right	f	244
208	Broken VS the way we were born	f	271
209	I still feel her PT 4	f	206
210	The weight of love blinds eyes	f	215
211	We are life	f	240
212	The Past Should Stay Dead	f	273
213	Just Another Marionette	f	244
214	What's A Clock Without The Batteries?	f	218
215	Heads Or Tails? Real Or Not	f	301
216	Even Bad Men Love Their Mothers	f	120
217	Her Advice Cost Us A Life	f	274
218	Set If Off Like Napalm	f	186
219	Sailing In The Dark Isn't Smart Kid!	f	196
220	Pretend. Release. The Close	f	179
221	It's Cold In The Shade, Let's Move To The Sun...	f	60
222	I Still Feel Her, Pt. 1	f	272
223	A City Called Coma, Pt. II	f	262
224	He Is Ocean	f	109
225	I Am Waves	f	177
226	Armageddon	f	195
227	Utah	f	230
228	Breather	f	122
229	Casablanca	f	223
230	Epoch Coda	f	334
231	Pay the Man	f	233
232	Doing It for the Money	f	226
233	Sit Next to Me	f	243
234	SHC	f	248
235	I Love My Friends	f	225
236	Orange Dream	f	80
237	Static Space Lover	f	240
238	Lotus Eater	f	182
239	Time to Get Closer	f	57
240	Loyal Like Sid & Nancy	f	279
241	Harden the Paint	f	234
242	III	f	249
243	Are You What You Want to Be?	f	270
244	Ask Yourself	f	263
245	Coming of Age	f	280
246	Nevermind	f	317
247	Pseudologia Fantastica	f	331
248	The Angelic Welcome of Mr. Jones	f	33
249	Best Friend	f	267
250	A Beginner's Guide to Destroying the Moon	f	279
251	Goats in Trees	f	309
252	The Truth	f	269
253	Fire Escape	f	262
254	Helena Beat	f	276
255	Pumped Up Kicks	f	239
256	Call It What You Want	f	238
257	Don't Stop (Color on the Walls)	f	174
258	Waste	f	205
259	I Would Do Anything for You	f	214
260	Houdini	f	202
261	Life on the Nickel	f	215
262	Miss You	f	212
263	Warrant	f	323
264	Worst Nites	f	211
265	Ride Or Die (feat. Foster The People) - Modern Machines Remix	f	217
266	Ride Or Die (feat. Foster The People) - Dave Edwards Remix	f	256
267	Ride Or Die (feat. Foster The People) - Vicetone Remix	f	195
268	Ride Or Die (feat. Foster The People) - Sir Sly Remix	f	211
269	Ride Or Die (feat. Foster The People) - Big Gigantic Remix	f	205
270	Ride Or Die (feat. Foster The People) - Purple Disco Machine Remix	f	384
271	Ride Or Die (feat. Foster The People) - The Knocks VIP Club Mix	f	309
272	Ride Or Die (feat. Foster The People)	f	242
273	Sit Next to Me - Stereotypes Remix	f	190
274	Pay the Man - Remix	f	245
275	Sit Next to Me - Radio Edit	f	202
276	Sit Next to Me - Acoustic	f	258
277	Sit Next to Me - Rework	f	332
278	Best Friend - Live From The Village	f	271
279	A Beginner's Guide to Destroying the Moon - Live From The Village	f	299
280	Coming of Age - Live From The Village	f	282
281	Pseudologia Fantastica - Live From The Village	f	341
282	The Truth - Live From The Village	f	281
283	Nevermind - alternate version	f	261
284	Don't Stop (Color on the Walls) - D Berrie Radio Remix	f	191
285	Don't Stop (Color on the Walls) - Futurecop Remix	f	293
286	Don't Stop (Color on the Walls) - Instrumental	f	174
287	Call It What You Want - Ocelot Remix	f	363
288	Call It What You Want - Andy Caldwell Remix	f	360
289	Call It What You Want - Planet of Sound Remix	f	386
290	Call It What You Want - Subsource Remix	f	309
291	Call It What You Want - Karmatronic Remix Club Edit	f	367
292	Call It What You Want - Treasure Fingers Pre-Party Remix Radio Edit	f	222
293	Ruby	f	309
294	Life Itself	f	281
295	Youth	f	230
296	Season 2 Episode 3	f	243
297	Pork Soda	t	253
298	Mama's Gun	f	266
299	Cane Shuga	f	196
300	[Premade Sandwiches]	t	36
301	The Other Side Of Paradise	t	320
302	Take A Slice	t	229
303	Poplar St	f	262
304	Agnes	t	271
305	Flip	f	222
306	Black Mambo	f	248
307	Pools	f	288
308	Gooey	f	289
309	Walla Walla	f	217
310	Intruxx	f	169
311	Hazey	t	265
312	Toes	f	254
313	Wyrd	f	245
314	Cocoa Hooves	f	271
315	JDNT	f	263
316	Black Mambo - Stripped	f	231
317	Gooey - Stripped	f	248
318	Hazey - Stripped	f	228
319	Cocoa Hooves - Stripped	f	215
320	Agnes - Radio Edit	f	215
321	Pork Soda - Radio Edit	f	195
322	Youth - Live From Tumblr IRL	f	250
323	Life Itself - Live From Tumblr IRL	f	346
324	Season 2 Episode 3 - Live From Tumblr IRL	f	214
325	Pork Soda - Live From Tumblr IRL	t	337
326	Gooey - Live From Tumblr IRL	f	470
327	Season 2 Episode 3 - Photay Remix	f	298
328	Life Itself - Roosevelt Remix	f	385
329	Lose Control	f	210
330	Holiest	f	201
331	Gooey Rework	f	185
332	Gooey - Gilligan Moss Remix	f	339
333	Gooey - Kingdom Remix	f	201
334	Psylla - Live At SXSW	f	238
335	Exxus - Live At SXSW	f	225
336	Gooey - Live At SXSW	f	317
337	Black Mambo - Live At SXSW	f	258
338	Pools - Live At SXSW	f	286
339	Psylla	f	211
340	Exxus	f	256
341	Woozy	t	215
342	Black Mambo - Zodiac Remix	f	220
343	Exxus - Patten Remix	f	334
344	Golden Antlers	f	294
345	Dust In Your Pocket	f	240
346	Cocoa Hooves Part II	f	169
347	Ecstasy	f	178
348	White Flag	f	225
349	Enough	f	213
350	(Don't) Need You	f	240
351	The Bell	f	217
352	Moth	f	218
353	Maniacs	t	220
354	Summer	f	78
355	Keep Fucking It Up	t	193
356	Fever	f	201
357	Heaven	f	183
358	Fight	f	244
359	Awakening	f	191
360	Collide	f	214
361	Loop Hole	f	215
362	The Deep Cold	f	199
363	Calling	f	177
364	Starting New	f	200
365	The Storm	f	204
366	Epilogue	f	225
367	Pay for This	f	239
368	Ghost	f	186
369	Believe - Stripped Version	f	211
370	Collide - Acoustic Live at Soundtrade Studios	f	250
371	Awakening - Live at Soundtrade Studios	f	191
372	Ghost - Live at Soundtrade Studios	f	188
373	Black Blood	f	220
374	Chandelier	f	219
375	Vultures (Acoustic) - Vultures (Acoustic)	f	220
376	Violence	t	240
377	Revolution	f	216
378	Neverending	f	195
379	Everlasting	f	238
\.


--
-- TOC entry 3407 (class 0 OID 16954)
-- Dependencies: 218
-- Data for Name: users; Type: TABLE DATA; Schema: public; Owner: postgres
--

COPY public.users (user_id, nickname, password, email, country, date) FROM stdin;
1	neeekit	user12345	neeekit@outlook.com	ru	2021-11-05 22:10:00
2	unicorn666	rainbow999	unicorn666@gmail.com	us	2021-11-06 10:10:00
3	minyewoo	GfUld6a	umenyanetimeniumenyanetfamilii@gmail.com	ru	2021-11-06 15:10:00
4	hexsixzeros	h1j2k3l4jK	hexsixzeros@gmail.com	ru	2021-11-06 15:10:20
5	quadratonero	f4hjg5JG	quadratonero000@gmail.com	ru	2021-11-06 15:12:00
7	TinyFox	g3hj4GGg5	tiny4x@gmail.com	de	2021-11-07 15:12:00
8	grumpyCat	ICat10xspluS	catt@mail.ru	ru	2021-11-08 06:00:00
9	NorMan	D2nhk2D	norman222@gmail.com	jp	2021-11-08 06:12:00
10	selfishdragon	Drr22dfG	drakkk@gmail.com	dk	2021-11-08 06:30:00
11	Polennylt	GH6fghjf	Polennylt@gmail.com	ru	2021-11-08 07:00:00
12	Viaze	G67JH6433	Viaze@gmail.com	us	2021-11-08 07:15:00
13	Telonnar	ghj6FG53D	Telonnar@gmail.com	us	2021-11-08 07:30:00
14	Dinelli	56JHGf7FgF	Dinelli@gmail.com	us	2021-11-08 07:30:00
15	Hanane	yiy678FG	Hanane@gmail.com	ru	2021-11-08 08:30:00
16	Bonnaneae	dd6655FG	Bonnaneae@gmail.com	jp	2021-11-08 09:30:00
17	Dfives	kjGk7sDF	Dfives@gmail.com	jp	2021-11-08 10:30:00
18	Tarrilame1234	DGFkdjd	Tarrilame777@gmail.com	dk	2021-11-08 11:30:00
19	Faoraned	7ghFGFD46	Faoraned@gmail.com	ru	2021-11-08 12:30:00
20	Likonid	fh5647FgFF	Likonid@gmail.com	ru	2021-11-08 14:30:00
\.


--
-- TOC entry 3422 (class 0 OID 0)
-- Dependencies: 210
-- Name: actions_action_id_seq; Type: SEQUENCE SET; Schema: public; Owner: postgres
--

SELECT pg_catalog.setval('public.actions_action_id_seq', 1106, true);


--
-- TOC entry 3423 (class 0 OID 0)
-- Dependencies: 212
-- Name: albums_album_id_seq; Type: SEQUENCE SET; Schema: public; Owner: postgres
--

SELECT pg_catalog.setval('public.albums_album_id_seq', 103, true);


--
-- TOC entry 3424 (class 0 OID 0)
-- Dependencies: 220
-- Name: artists_artist_id_seq; Type: SEQUENCE SET; Schema: public; Owner: postgres
--

SELECT pg_catalog.setval('public.artists_artist_id_seq', 1, false);


--
-- TOC entry 3425 (class 0 OID 0)
-- Dependencies: 215
-- Name: playlists_playlist_id_seq; Type: SEQUENCE SET; Schema: public; Owner: postgres
--

SELECT pg_catalog.setval('public.playlists_playlist_id_seq', 9, true);


--
-- TOC entry 3426 (class 0 OID 0)
-- Dependencies: 217
-- Name: songs_song_id_seq; Type: SEQUENCE SET; Schema: public; Owner: postgres
--

SELECT pg_catalog.setval('public.songs_song_id_seq', 379, true);


--
-- TOC entry 3427 (class 0 OID 0)
-- Dependencies: 219
-- Name: users_user_id_seq; Type: SEQUENCE SET; Schema: public; Owner: postgres
--

SELECT pg_catalog.setval('public.users_user_id_seq', 20, true);


--
-- TOC entry 3219 (class 2606 OID 16972)
-- Name: actions actions_pkey; Type: CONSTRAINT; Schema: public; Owner: postgres
--

ALTER TABLE ONLY public.actions
    ADD CONSTRAINT actions_pkey PRIMARY KEY (action_id);


--
-- TOC entry 3227 (class 2606 OID 16974)
-- Name: albums albums_name_artist_key; Type: CONSTRAINT; Schema: public; Owner: postgres
--

ALTER TABLE ONLY public.albums
    ADD CONSTRAINT albums_name_artist_key UNIQUE (name, artist_id);


--
-- TOC entry 3230 (class 2606 OID 16976)
-- Name: albums albums_pkey; Type: CONSTRAINT; Schema: public; Owner: postgres
--

ALTER TABLE ONLY public.albums
    ADD CONSTRAINT albums_pkey PRIMARY KEY (album_id);


--
-- TOC entry 3234 (class 2606 OID 16978)
-- Name: albums_songs albums_songs_album_id_track_number_key; Type: CONSTRAINT; Schema: public; Owner: postgres
--

ALTER TABLE ONLY public.albums_songs
    ADD CONSTRAINT albums_songs_album_id_track_number_key UNIQUE (album_id, track_number);


--
-- TOC entry 3236 (class 2606 OID 16980)
-- Name: albums_songs albums_songs_pkey; Type: CONSTRAINT; Schema: public; Owner: postgres
--

ALTER TABLE ONLY public.albums_songs
    ADD CONSTRAINT albums_songs_pkey PRIMARY KEY (album_id, song_id);


--
-- TOC entry 3252 (class 2606 OID 17054)
-- Name: artists artists_pkey; Type: CONSTRAINT; Schema: public; Owner: postgres
--

ALTER TABLE ONLY public.artists
    ADD CONSTRAINT artists_pkey PRIMARY KEY (artist_id);


--
-- TOC entry 3239 (class 2606 OID 16982)
-- Name: playlists playlists_pkey; Type: CONSTRAINT; Schema: public; Owner: postgres
--

ALTER TABLE ONLY public.playlists
    ADD CONSTRAINT playlists_pkey PRIMARY KEY (playlist_id);


--
-- TOC entry 3242 (class 2606 OID 16984)
-- Name: songs songs_pkey; Type: CONSTRAINT; Schema: public; Owner: postgres
--

ALTER TABLE ONLY public.songs
    ADD CONSTRAINT songs_pkey PRIMARY KEY (song_id);


--
-- TOC entry 3245 (class 2606 OID 16988)
-- Name: users users_email_key; Type: CONSTRAINT; Schema: public; Owner: postgres
--

ALTER TABLE ONLY public.users
    ADD CONSTRAINT users_email_key UNIQUE (email);


--
-- TOC entry 3247 (class 2606 OID 16990)
-- Name: users users_nickname_key; Type: CONSTRAINT; Schema: public; Owner: postgres
--

ALTER TABLE ONLY public.users
    ADD CONSTRAINT users_nickname_key UNIQUE (nickname);


--
-- TOC entry 3249 (class 2606 OID 16992)
-- Name: users users_pkey; Type: CONSTRAINT; Schema: public; Owner: postgres
--

ALTER TABLE ONLY public.users
    ADD CONSTRAINT users_pkey PRIMARY KEY (user_id);


--
-- TOC entry 3216 (class 1259 OID 16993)
-- Name: actions_action_id_index; Type: INDEX; Schema: public; Owner: postgres
--

CREATE INDEX actions_action_id_index ON public.actions USING btree (action_id);


--
-- TOC entry 3217 (class 1259 OID 16994)
-- Name: actions_date_index; Type: INDEX; Schema: public; Owner: postgres
--

CREATE INDEX actions_date_index ON public.actions USING btree (date);


--
-- TOC entry 3220 (class 1259 OID 16995)
-- Name: actions_playlist_id_index; Type: INDEX; Schema: public; Owner: postgres
--

CREATE INDEX actions_playlist_id_index ON public.actions USING btree (playlist_id);


--
-- TOC entry 3221 (class 1259 OID 16996)
-- Name: actions_song_id_index; Type: INDEX; Schema: public; Owner: postgres
--

CREATE INDEX actions_song_id_index ON public.actions USING btree (song_id);


--
-- TOC entry 3222 (class 1259 OID 16997)
-- Name: actions_type_index; Type: INDEX; Schema: public; Owner: postgres
--

CREATE INDEX actions_type_index ON public.actions USING btree (type);


--
-- TOC entry 3223 (class 1259 OID 16998)
-- Name: actions_user_id_index; Type: INDEX; Schema: public; Owner: postgres
--

CREATE INDEX actions_user_id_index ON public.actions USING btree (user_id);


--
-- TOC entry 3224 (class 1259 OID 16999)
-- Name: albums_album_id_index; Type: INDEX; Schema: public; Owner: postgres
--

CREATE INDEX albums_album_id_index ON public.albums USING btree (album_id);


--
-- TOC entry 3225 (class 1259 OID 17000)
-- Name: albums_artist_index; Type: INDEX; Schema: public; Owner: postgres
--

CREATE INDEX albums_artist_index ON public.albums USING btree (artist_id);


--
-- TOC entry 3228 (class 1259 OID 17001)
-- Name: albums_name_index; Type: INDEX; Schema: public; Owner: postgres
--

CREATE INDEX albums_name_index ON public.albums USING btree (name);


--
-- TOC entry 3231 (class 1259 OID 17002)
-- Name: albums_songs_album_id_index; Type: INDEX; Schema: public; Owner: postgres
--

CREATE INDEX albums_songs_album_id_index ON public.albums_songs USING btree (album_id);


--
-- TOC entry 3232 (class 1259 OID 17003)
-- Name: albums_songs_album_id_song_id_index; Type: INDEX; Schema: public; Owner: postgres
--

CREATE INDEX albums_songs_album_id_song_id_index ON public.albums_songs USING btree (album_id, song_id);


--
-- TOC entry 3237 (class 1259 OID 17004)
-- Name: albums_songs_song_id_index; Type: INDEX; Schema: public; Owner: postgres
--

CREATE INDEX albums_songs_song_id_index ON public.albums_songs USING btree (song_id);


--
-- TOC entry 3240 (class 1259 OID 17005)
-- Name: playlists_playlist_id_index; Type: INDEX; Schema: public; Owner: postgres
--

CREATE INDEX playlists_playlist_id_index ON public.playlists USING btree (playlist_id);


--
-- TOC entry 3243 (class 1259 OID 17006)
-- Name: songs_song_id_index; Type: INDEX; Schema: public; Owner: postgres
--

CREATE INDEX songs_song_id_index ON public.songs USING btree (song_id);


--
-- TOC entry 3250 (class 1259 OID 17007)
-- Name: users_user_id_index; Type: INDEX; Schema: public; Owner: postgres
--

CREATE INDEX users_user_id_index ON public.users USING btree (user_id);


--
-- TOC entry 3253 (class 2606 OID 17008)
-- Name: actions actions_playlist_id_fkey; Type: FK CONSTRAINT; Schema: public; Owner: postgres
--

ALTER TABLE ONLY public.actions
    ADD CONSTRAINT actions_playlist_id_fkey FOREIGN KEY (playlist_id) REFERENCES public.playlists(playlist_id);


--
-- TOC entry 3254 (class 2606 OID 17013)
-- Name: actions actions_song_id_fkey; Type: FK CONSTRAINT; Schema: public; Owner: postgres
--

ALTER TABLE ONLY public.actions
    ADD CONSTRAINT actions_song_id_fkey FOREIGN KEY (song_id) REFERENCES public.songs(song_id);


--
-- TOC entry 3255 (class 2606 OID 17018)
-- Name: actions actions_user_id_fkey; Type: FK CONSTRAINT; Schema: public; Owner: postgres
--

ALTER TABLE ONLY public.actions
    ADD CONSTRAINT actions_user_id_fkey FOREIGN KEY (user_id) REFERENCES public.users(user_id);


--
-- TOC entry 3257 (class 2606 OID 17023)
-- Name: albums_songs albums_songs_album_id_fkey; Type: FK CONSTRAINT; Schema: public; Owner: postgres
--

ALTER TABLE ONLY public.albums_songs
    ADD CONSTRAINT albums_songs_album_id_fkey FOREIGN KEY (album_id) REFERENCES public.albums(album_id);


--
-- TOC entry 3258 (class 2606 OID 17028)
-- Name: albums_songs albums_songs_song_id_fkey; Type: FK CONSTRAINT; Schema: public; Owner: postgres
--

ALTER TABLE ONLY public.albums_songs
    ADD CONSTRAINT albums_songs_song_id_fkey FOREIGN KEY (song_id) REFERENCES public.songs(song_id);


--
-- TOC entry 3256 (class 2606 OID 17055)
-- Name: albums fk_artists_albums; Type: FK CONSTRAINT; Schema: public; Owner: postgres
--

ALTER TABLE ONLY public.albums
    ADD CONSTRAINT fk_artists_albums FOREIGN KEY (artist_id) REFERENCES public.artists(artist_id);


-- Completed on 2021-12-17 18:44:45

--
-- PostgreSQL database dump complete
--

